"","citric acid","residual sugar","density","pH","alcohol","quality"
"0",0.39,2.2,0.99572,3.33,12.1,6
"1",0.73,2.3,0.99854,3.32,12.8,6
"2",0.03,2.1,0.9966,3.52,11.3,7
"3",0.22,2.6,0.9973,3.2,9.8,5
"4",0.3,2.3,0.99444,3.2,9.5,6
"5",0.44,2.2,0.9982,3.11,9.6,5
"6",0,2.3,0.99552,3.34,11.3,6
"7",0.32,1.8,0.9956,3.3,9.7,6
"8",0.55,2.2,1.0008,3.17,9.8,6
"9",0.09,2.2,0.99682,3.51,9.5,5
"10",0.24,2.6,0.9976,3.31,9.4,5
"11",0.42,2.4,0.9972,3.08,10.8,7
"12",0.24,2.7,0.9981,3.04,10,6
"13",0.28,1.8,0.9948,3.38,9.3,4
"14",0.03,2.2,0.99736,3.56,11,6
"15",0.24,2.8,0.9978,3.21,9.4,5
"16",0.6,2.3,0.99628,3.1,12,7
"17",0.28,2.4,0.9969,3.22,9.8,6
"18",0.34,2.6,0.99683,3.22,10,6
"19",0.16,3,0.9981,3.61,13.1,8
"20",0.31,1.8,0.999,3.16,9.1,5
"21",0.24,2.4,0.9976,3.12,9.6,5
"22",0,3,0.99888,3.3,9.5,5
"23",0.01,1.8,0.99258,3.38,11,6
"24",0,1.9,0.9966,3.31,9.7,5
"25",0.32,2,0.9947,3.27,11.2,7
"26",0,2.2,0.99472,3.38,11.8,6
"27",0.57,2.4,0.9986,3.17,11,4
"28",0.18,1.9,0.9969,3.17,9.5,6
"29",0.55,2.2,0.9988,3.18,9.4,6
"30",0.07,2.5,0.99476,3.37,10,7
"31",0.24,2.3,0.9952,3.54,9.7,6
"32",0.39,1.5,0.99808,3.32,11,5
"33",0.29,2.1,0.9967,3.26,11.8,7
"34",0.26,2.3,0.998,3.12,9.2,5
"35",0.06,1.9,0.9975,3.34,9.6,6
"36",0.3,1.8,0.9978,3.4,10.3,6
"37",0.21,2.5,0.99596,3.19,9.2,5
"38",0.49,2.8,0.9987,3.04,10.7,6
"39",0.11,1.9,0.99765,3.1,10.7,5
"40",0.02,2.6,0.99587,3.37,10.1,6
"41",0.49,14,1.0021,3.42,11.6,6
"42",0.29,2.8,0.9959,3.33,9.5,3
"43",0.42,2.6,0.9965,3.16,9.5,5
"44",0,2.5,0.99632,3.5,11.8,7
"45",0.07,2.2,0.9972,3.12,9.6,5
"46",0.6,2,0.9973,3.27,10.1,8
"47",0.41,2.4,0.99728,3.33,10.8,6
"48",0.13,1.9,0.99258,3.63,10.1,6
"49",0.32,1.8,0.99467,3.38,10.2,6
"50",0.43,2.1,0.99516,3.29,11.8,6
"51",0.29,2.5,0.99689,3.44,12.5,6
"52",0.5,2.6,0.9991,3.35,10.3,6
"53",0.21,2.2,0.9963,3.27,9.8,5
"54",0.39,3.3,0.9976,3.26,10.6,5
"55",0.08,1.7,0.9971,3.02,9.7,5
"56",0.49,1.5,0.99498,3.28,9.2,6
"57",0.26,1.9,0.99612,3.37,9.9,5
"58",0.12,2.3,0.9964,3.29,9.5,5
"59",0,1.8,0.99456,3.38,11.2,5
"60",0.23,1.5,0.99578,3.3,9.8,5
"61",0.07,2.8,0.99693,3.22,10.5,5
"62",0.39,2.9,0.99786,3.32,10.5,6
"63",0.19,1.8,0.9969,3.19,9.8,5
"64",0.18,1.6,0.99685,3.3,9.5,5
"65",0.6,2.2,0.9981,3.09,10.8,7
"66",0,1.4,0.9972,3.47,9.5,6
"67",0.21,2.1,0.9974,3.16,9.4,5
"68",0.05,2.2,0.9965,3.51,9.5,6
"69",0.06,3,0.99489,3.34,10.1,7
"70",0,4.3,0.99787,3.48,9.6,5
"71",0.02,2.5,0.99572,3.59,10.5,5
"72",0.37,2.6,0.9982,3.17,9.5,5
"73",0,2.1,0.99531,3.52,10,6
"74",0.02,2,0.9976,3.56,10.5,6
"75",0.19,2.4,0.99727,3.23,9.5,5
"76",0.44,2.6,1.0032,3.32,12,6
"77",0.32,2,0.99622,3.38,12,5
"78",0,1.6,0.9972,3.51,9.4,5
"79",0.24,1.8,0.9968,3.19,9.5,5
"80",0.39,2,0.9974,3.18,10.7,6
"81",0.21,2.5,0.99761,3.21,9,6
"82",0.02,2.1,0.9962,3.47,9.5,5
"83",0.09,1.8,0.99252,3.53,12,7
"84",0.22,2.3,0.99668,3.31,9.5,5
"85",0.33,2.4,0.9978,3.2,10.1,6
"86",0.27,1.9,0.99516,3.16,11.3,5
"87",0.57,2.3,0.9986,3.13,11,6
"88",0.01,2,0.99362,3.59,10.9,5
"89",0.55,2,0.9976,3.27,9.6,6
"90",0.23,1.9,0.9982,3.32,9.3,5
"91",0.26,2.1,0.9976,3.4,9.4,5
"92",0,2.1,0.99472,3.41,12.3,6
"93",0.49,5.5,1.0014,3.32,10.5,6
"94",0.29,2.6,0.9972,3.14,9.5,6
"95",0.66,1.9,0.9994,3.1,9,6
"96",0.42,2,0.99528,3.14,10.1,8
"97",0.53,1.9,0.99604,3.2,10.5,6
"98",0.22,2.5,0.99712,3.2,9.5,5
"99",0.03,1.9,0.99508,3.56,9.8,5
"100",0.06,2,0.99621,3.51,10.7,6
"101",0.49,2.5,0.9982,3.24,9.8,5
"102",0.09,3,1.00015,3.46,9.2,5
"103",0.22,2.5,0.9994,3.1,9.4,6
"104",0.14,2.1,0.99494,3.26,11.1,6
"105",0.39,2.2,0.9971,3.17,9.3,5
"106",0.13,2,0.99528,3.54,11,4
"107",0.04,1.9,0.99842,3.62,9.5,4
"108",0.05,2.9,0.99739,3.3,10.5,5
"109",0.4,1.5,0.99396,3.39,10.9,6
"110",0,1.6,0.99584,3.38,9.8,5
"111",0.3,1.9,0.999,3.3,9,4
"112",0,2.4,0.99774,3.47,9.9,5
"113",0.49,2.2,0.999,3.13,10.9,6
"114",0.27,1.9,0.99854,3.45,10.5,6
"115",0.33,4.4,0.99803,3.26,11.6,6
"116",0.55,1.7,0.9948,3.27,12.3,7
"117",0.22,2,0.9948,3.38,10.7,6
"118",0.64,2.6,0.99842,3.08,10.4,6
"119",0.19,4,0.9962,3.3,9.3,6
"120",0.02,2.1,0.99538,3.34,10.9,6
"121",0.49,2.5,0.9982,3.09,9.4,6
"122",0.49,2.9,1.00012,3.5,9.5,5
"123",0.02,2.4,0.99498,3.37,10.8,6
"124",0,2.3,0.99242,3.35,11,5
"125",0.53,5.1,0.99528,3.2,11,7
"126",0,1.7,0.9952,3.36,10.9,5
"127",0.33,3.4,0.99564,3.35,10.8,5
"128",0.36,2,0.9983,3.27,9,5
"129",0.49,2.9,0.9962,3.15,10.2,8
"130",0.52,2.4,0.99647,3.23,10,6
"131",0.24,3.4,0.9986,3.12,11,7
"132",0.44,1.9,0.9968,3.22,10.5,5
"133",0.43,2.3,0.99734,3.26,10.8,5
"134",0,1.4,0.9956,3.44,9.7,5
"135",0.01,2.2,0.99538,3.33,11.1,5
"136",0.06,1.6,0.9963,3.38,9.5,6
"137",0.11,2.4,0.99668,3.21,9.8,5
"138",0.49,2.3,0.9976,3.19,9.5,5
"139",0.14,2.1,0.99712,3.54,9.9,6
"140",0,2.6,0.99316,3.4,12,6
"141",0.26,1.9,0.99618,3.38,9,5
"142",0.26,2,0.99628,3.31,9.8,4
"143",0.49,2.6,0.99975,3.22,10.5,6
"144",0.49,2.9,1.001,3.26,9.4,5
"145",0.53,1.6,0.9986,3.17,9.7,6
"146",0.3,1.6,0.99438,3.31,11.2,7
"147",0.14,2.1,0.99462,3.41,11.5,6
"148",0.02,1.4,0.995,3.54,10.6,5
"149",0.34,1.9,0.9978,3.3,9,6
"150",0.12,2.6,0.99593,3.51,10.8,6
"151",0.34,2.5,0.99242,3.1,12.2,7
"152",0.39,3.3,0.9982,3.26,11,5
"153",0.02,2.1,0.9972,3.47,9.7,6
"154",0.14,1.9,0.9956,3.36,10.2,5
"155",0.05,2.3,0.9978,3.35,9.7,6
"156",0.4,2.6,0.9955,3.25,10.4,6
"157",0.03,2.5,0.99746,3.55,9.5,5
"158",0.39,1.7,0.9978,3.09,9,6
"159",0.24,3.3,1.0022,3.26,10,5
"160",0.09,1.8,0.99476,3.31,11.5,6
"161",0.1,1.8,0.9966,3.28,9.9,5
"162",0.22,2.5,0.9994,3.22,9.4,5
"163",0.25,2.4,0.99645,3.43,10.4,6
"164",0.31,3.2,0.9981,3.31,10,5
"165",0.06,2.3,0.9971,3.37,9.7,5
"166",0.26,2.6,0.9976,3.39,10.5,5
"167",0,1.9,0.995,3.34,10.2,6
"168",0.5,2.1,0.99735,3.04,10.1,6
"169",0.05,2.2,0.99512,3.62,11.4,6
"170",0.06,1.6,0.9969,3.43,9,5
"171",0.32,2,0.99736,3.42,10,6
"172",0,1.8,0.996,3.54,10,5
"173",0.13,2.3,0.99728,3.58,9.7,6
"174",0.14,6.3,0.99724,3.35,9.5,5
"175",0.28,1.8,0.997,3.28,9.7,6
"176",0.24,2,0.99648,3.27,9.5,5
"177",0.53,3.2,0.99562,3.21,12.4,6
"178",0.07,2.6,0.99744,3.51,10,7
"179",0.27,8.8,0.99824,3.17,10.5,7
"180",0.17,2.7,0.9976,3.19,9.5,6
"181",0.02,1.5,0.99736,3.34,10.8,6
"182",0.27,2.8,0.9984,3.22,9.2,5
"183",0,2.3,0.99786,3.31,9.5,4
"184",0.1,1.9,0.99525,3.46,10.2,6
"185",0.14,1.6,0.9955,3.35,9.9,5
"186",0.45,1.4,0.99704,3.22,10.0333333333333,6
"187",0.22,1.9,0.9946,3.39,10.1,6
"188",0,6.3,0.99531,3.49,12.4,7
"189",0.18,2,0.99498,3.14,12.1,7
"190",0.31,2.2,0.9948,3.4,12.3,7
"191",0,2.5,0.99852,3.59,9.8,5
"192",0.54,2.5,0.9986,3.12,9.2,6
"193",0.25,2.5,0.9976,3.21,9.2,5
"194",0.22,2.7,0.99688,3.43,10.4,5
"195",0.73,1.7,0.9973,3.2,13.6,8
"196",0.48,1.8,0.99476,3.1,10.4,6
"197",0.52,2.3,0.9934,3.34,11.1,5
"198",0.64,2,0.99558,3.26,12,6
"199",0.26,2.1,0.99622,3.37,9.7,6
"200",0,1.9,0.9968,3.52,9.7,5
"201",0.33,2.4,0.9986,3.41,10.7,6
"202",0.01,2.1,0.99508,3.44,11.5,5
"203",0.49,2.2,1.0002,3.19,9.3,5
"204",0,1.4,0.99668,3.37,9.5,5
"205",0.45,4.7,0.99828,3.27,11.4,7
"206",0.24,1.9,0.9958,3.21,10.1,5
"207",0.49,3.3,1.0014,3.07,12.7,7
"208",0.21,2.1,0.9974,3.32,9.8,5
"209",0.44,2,0.99728,3.22,11,7
"210",0,1.8,0.99672,3.68,11,5
"211",0.66,3,1.0004,3.19,10.6,6
"212",0.43,1.5,0.9958,3.28,10.4,5
"213",0.31,2,0.9976,3.24,9.5,4
"214",0.49,2.6,1.0004,3.15,9.2,5
"215",0.36,1.8,0.9976,3.15,11,7
"216",0,2.4,0.99362,3.36,12.4,5
"217",0.09,2.4,0.9986,3.18,10,6
"218",0.63,2.1,1.0004,3.2,10.9,6
"219",0.02,2.3,0.99557,3.35,10,4
"220",0.45,3.4,0.99852,3.1,9.2,5
"221",0.21,1.6,0.9968,3.13,9.8,3
"222",0.19,4,0.9948,3.39,12.3,7
"223",0.06,2.3,0.9948,3.51,10.8,6
"224",0.21,4,0.99587,3.37,9.7,5
"225",0.22,2.3,0.9971,3.32,9.4,7
"226",0.49,1.9,0.9991,3.03,9.6,4
"227",0,1.8,0.99467,3.61,10.9,5
"228",0.27,3.4,0.99572,3.31,11.7,6
"229",0.28,2.4,0.99064,3.34,9.3,5
"230",0.49,2.9,1.0004,3.16,9.2,6
"231",0.33,1.5,0.99498,3.22,11.4,6
"232",0.13,1.9,0.99604,3.23,9.3,5
"233",0.29,2.1,0.99668,3.3,10.4,7
"234",0.12,1.9,0.9963,3.37,8.7,4
"235",0.4,3.4,0.9986,3.28,11.8,7
"236",0.33,2.5,0.9963,3.34,10.1,4
"237",0.02,2.3,0.99745,3.52,9.7,5
"238",0.6,2.1,1.0004,2.88,12.9,7
"239",0.06,1.6,0.9946,3.39,11.2,7
"240",0.13,2,0.99546,3.32,11.2,5
"241",0.22,4.65,0.9982,3.37,9.5,5
"242",0.04,2.2,0.9955,3.6,10,6
"243",0.31,2.6,0.9987,3.38,9,5
"244",0.29,1.9,0.99573,3.24,10.7,8
"245",0.03,2.2,0.9967,3.56,10.8,6
"246",0.25,1.9,0.9952,3.38,11.2,5
"247",0.21,2.1,0.99588,3.27,9.5,7
"248",0.24,1.7,0.99692,3.19,9.5,4
"249",0,1.9,0.9934,3.56,12.5,6
"250",0.35,2,0.9948,3.39,11.3,6
"251",0.27,1.9,0.99396,3.17,11.4,6
"252",0.02,2.1,0.99534,3.53,11.8,6
"253",0.26,2.2,0.9983,3.49,9.4,5
"254",0.03,2,0.9955,3.34,10.7,6
"255",0.42,1.4,0.9973,3.36,9.5,5
"256",0.57,3.4,1,3.17,11.4,6
"257",0.13,2.5,0.99472,3.55,11.9,6
"258",0,2.1,0.997,3.22,9.6,5
"259",0,2.1,0.99636,3.37,10,5
"260",0.55,2,0.9982,3.24,11.8,6
"261",0.48,2.7,0.9973,3.04,9.3,6
"262",0.49,2,0.9968,3.45,12.7,6
"263",0.28,3.9,0.99408,3.37,12.4,7
"264",0.66,1.5,0.99572,3.08,10.6,6
"265",0.66,2.5,0.9988,3.11,9.2,5
"266",0.27,2.2,0.99728,3.35,9.9,5
"267",0.21,5.6,0.9976,3.28,9,5
"268",0.4,2.4,0.99572,3.39,11.7,6
"269",0.49,2.8,1.0014,3.04,11.4,6
"270",0.36,1.7,0.99627,3.29,10.9,6
"271",0.08,1.8,0.9948,3.45,9.5,5
"272",0.08,2.2,0.9955,3.44,10,5
"273",0.34,2.3,0.9994,3.52,9.8,6
"274",0,2.9,0.99701,3.56,9.3,5
"275",0.32,2.1,0.99622,3.26,10.6,7
"276",0.2,2.1,0.9974,3.16,9.6,5
"277",0.08,2.1,0.99552,3.58,9.7,5
"278",0.34,1.8,0.9972,3.38,10.8,6
"279",0.33,2.4,0.9944,3.48,11,6
"280",0.49,2.2,1.0032,3.16,12,5
"281",0.49,3,0.9976,3.18,9.3,6
"282",0.24,2.4,0.99633,3.22,9.2,5
"283",0.19,2.6,0.9996,3.19,9.7,6
"284",0.44,2.2,0.99836,3.27,11.8,6
"285",0,1.9,0.9976,3.48,9.6,5
"286",0.66,3.6,1.0014,3.08,10.5,6
"287",0.21,1.9,0.9958,3.35,9.9,6
"288",0.42,1.7,0.99458,3.3,12.1,8
"289",0.49,2.7,0.9982,3.08,10,5
"290",0.44,2.2,0.99925,3.18,9.3,5
"291",0.63,2.4,0.9987,3.08,9.5,5
"292",0.4,1.5,0.99774,3.35,9.5,5
"293",0.49,2.6,0.999,3.14,9.5,5
"294",0.45,4.3,0.9971,3.31,12.1,7
"295",0.53,2,0.99572,3.21,11,6
"296",0.42,2.6,0.9968,3.26,11.2,5
"297",0.49,2.9,0.9994,3.04,10.9,6
"298",0.11,2.5,0.9984,3.23,9.8,5
"299",0.04,2.8,0.9973,3.38,9.5,6
"300",0.29,2.3,0.9961,3.17,9.5,6
"301",0.1,1.7,0.99396,3.36,9.4,6
"302",0.05,1.9,0.9934,3.42,10.5,5
"303",0.49,2.2,0.99316,3.15,12.9,7
"304",0.27,2.6,0.99568,3.31,10.5,5
"305",0.24,2.8,0.9984,3.32,9,6
"306",0.3,2.1,0.9984,3.38,10.8,6
"307",0.32,2.6,0.99818,3.2,11,8
"308",0,2,0.99612,3.31,10,5
"309",0,1.8,0.99594,3.4,10.1,6
"310",0.53,2,0.9973,3.17,9.5,5
"311",0.08,3.4,0.9964,3.68,9.3,5
"312",0.26,1.9,0.99578,3.37,9.6,5
"313",0.25,1.7,0.9958,3.38,10.9,5
"314",0.32,2.6,0.9961,3.26,11.2,7
"315",0.06,1.7,0.9962,3.52,9.3,6
"316",0.34,2.4,0.9969,3.25,9.4,5
"317",0.15,2.3,0.9948,3.43,11.6,7
"318",0.2,2.1,0.99458,3.35,12,7
"319",0.2,3.2,0.9952,3.44,10.5,6
"320",0.49,2.6,0.9986,3.08,9.8,6
"321",0.42,2.1,0.99608,3.3,12.1,7
"322",0.3,1.8,0.99489,3.47,10,5
"323",0.5,6.6,0.99746,3.36,12.8,7
"324",0.01,2.1,0.99538,3.46,11.9,6
"325",0.29,2.1,0.9987,3.41,9.4,5
"326",0.59,2.6,1.00015,3.2,10.8,7
"327",0.01,2.4,0.99444,3.34,12.3,6
"328",0.21,2,0.9962,3.37,9.4,5
"329",0.53,4.3,1.00012,3.31,12.2,7
"330",0.04,2.1,0.9959,3.4,9.8,5
"331",0.28,2.8,0.9976,3.3,9.5,5
"332",0,3.7,0.99738,3.53,9.8,7
"333",0.22,2.2,0.9973,3.37,9.4,5
"334",0.01,2.1,0.9959,3.46,10.9,6
"335",0.49,2.3,0.99702,3.34,9.9,6
"336",0.33,2.4,0.995,3.35,11.7,8
"337",0,1.4,0.9916,3.68,12.8,6
"338",0.13,2,0.99499,3.19,10.1,6
"339",0,1.8,0.99292,3.78,12.3,8
"340",0.22,2.9,0.99659,3.22,9.3,5
"341",0.03,2.6,0.9964,3.53,10.5,5
"342",0.65,2.6,0.99728,3.4,9.4,6
"343",0.6,1.7,0.99716,3.31,9.5,7
"344",0.03,2.5,0.99568,3.36,9.7,6
"345",0.01,2.2,0.99538,3.42,11.8,6
"346",0.24,2.6,0.9983,3.16,9.7,6
"347",0.49,1.4,0.9976,3.2,9.4,5
"348",0.26,3.3,0.99622,3.28,9.8,6
"349",0.02,4,0.99732,3.47,9.8,5
"350",0,1.8,0.99191,3.56,11.8,5
"351",0.26,2.1,0.9964,3.21,9.6,6
"352",0.03,2.3,0.99774,3.51,10.5,7
"353",0.24,2,0.9972,3.26,9.4,6
"354",0,1.65,0.99538,3.36,11.8,7
"355",0.18,2,0.9961,3.29,9.7,5
"356",0.24,2.2,1.0004,3.22,10.3,7
"357",0.14,2.1,0.9991,3.44,10.5,6
"358",0.26,1.9,0.99668,3.14,9.5,5
"359",0.12,2,0.9968,3.26,9.4,5
"360",0.39,2,0.9988,3.24,9.4,5
"361",0.24,2.1,0.99494,3.14,10.5,5
"362",0.2,1.9,0.9958,3.41,9.3,5
"363",0.01,2.1,0.99718,3.4,10.6,5
"364",0.03,2.7,0.99627,3.35,10.8,6
"365",0.31,2.5,0.9984,3.26,9.3,5
"366",0.2,2.5,0.99692,3.26,10.1,6
"367",0.09,2.2,0.99444,3.33,10.6,6
"368",0.35,1.7,0.99478,3.2,13.1,6
"369",0,1.7,0.99294,3.78,12.1,6
"370",0.28,1.7,0.9947,3.26,9.7,5
"371",0.55,2.7,0.9952,3.32,12.5,6
"372",0.03,3,0.99672,3.43,11,5
"373",0.18,2.8,0.9976,3.54,9.4,6
"374",0.21,2.5,0.9961,3.18,9.7,5
"375",0.49,2.3,0.99656,3.26,9.7,7
"376",0.01,2.2,0.99609,3.32,9.4,5
"377",0.23,2.9,0.9986,3.32,9.3,5
"378",0.2,1.9,0.99613,3.29,9.3,5
"379",0.32,2.8,0.99732,3.3,11,5
"380",0.21,3,0.99608,3.56,11.3,6
"381",0.15,2.9,0.998,3.19,9.5,5
"382",0.36,1.5,0.99546,3.3,10.1,7
"383",0.13,2.2,0.99636,3.51,12.5,6
"384",0.05,1.6,0.9955,3.37,10.1,6
"385",0.2,2.1,0.99688,3.36,10.2,6
"386",0.31,3.2,0.99379,3.22,11,7
"387",0.09,1.9,0.99616,3.6,10,5
"388",0.24,1.9,0.9976,3.18,9.4,5
"389",0.43,5.5,0.9978,3.28,11,6
"390",0.52,2.2,0.99538,3.34,12.6,7
"391",0.52,2.8,0.9982,3.2,10.3,6
"392",0.53,2,0.99642,3.23,11.1,6
"393",0.41,3.3,0.9998,3.17,12.4,7
"394",0.21,3.4,0.9976,3.09,9.7,6
"395",0.28,2.7,0.9963,3.22,9.5,6
"396",0.53,2.7,0.99546,3.16,13.4,7
"397",0.04,2.5,0.998,3.33,9.9,5
"398",0.49,2.7,1,3.17,9.8,5
"399",0.31,6,0.99688,3.31,9,4
"400",0.48,2,0.99562,3.17,11,5
"401",0.45,6.3,0.9976,3.21,9.8,5
"402",0.02,2.2,0.99631,3.52,10.6,6
"403",0.04,1.9,0.99426,3.37,10.5,6
"404",0.34,2.1,0.9956,3.36,10.3,6
"405",0.08,2.1,0.9962,3.34,10.4,5
"406",0.1,2.3,0.99064,3.51,11.4,6
"407",0.12,2.8,0.9994,3.38,10,6
"408",0.13,5.15,0.99588,3.21,9.3,4
"409",0.31,2.7,0.9982,3.41,9,4
"410",0.28,2.1,0.9964,3.45,9.5,5
"411",0.49,1.6,0.9971,3.24,9.5,5
"412",0.24,4.3,0.9978,3.16,11.4,7
"413",0.39,1.6,0.99647,3.31,10.5,6
"414",0.26,2,0.9974,3.26,9.4,5
"415",0.57,2.7,0.9965,3.29,11.7,7
"416",0.36,2.6,0.99708,3.27,10.0333333333333,6
"417",0.49,2.6,0.9955,3.14,11.8,6
"418",0.12,1.8,0.99575,3.33,10,5
"419",0.45,2.3,0.9978,3.15,9.4,7
"420",0.32,2.8,0.99689,3.37,10.1,5
"421",0.27,2.5,0.99914,3.28,10.5,5
"422",0.21,2.1,0.99478,3.2,9.7,6
"423",0.1,1.8,0.99619,3.53,10.3,3
"424",0.34,1.8,0.9936,3.22,11.5,5
"425",0.24,2,0.9988,3.31,9.6,5
"426",0.53,2.2,0.99975,3.15,10.4,6
"427",0,1.9,0.99672,3.56,10.5,5
"428",0.14,2.4,0.99672,3.14,10.9,6
"429",0.21,1.9,0.9962,3.1,9.6,6
"430",0,1.5,0.99605,3.39,11.9,6
"431",0.08,1.8,0.9969,3.42,9.6,5
"432",0.51,1.7,0.99578,3.35,10,7
"433",0.21,1.7,0.99587,3.28,9.2,6
"434",0.53,2.2,0.99523,3.33,12.7,7
"435",0.31,2.6,0.9963,3.47,9.7,5
"436",0.63,2.5,0.99842,3.31,9.7,6
"437",0.32,2.2,0.9984,3.08,9.8,6
"438",0.08,2.1,0.99358,3.44,12.8,7
"439",0.07,1.6,0.99488,3.17,11,5
"440",0.24,2.8,0.998,3.28,9,6
"441",0.48,2.2,0.9997,3.17,12.6,8
"442",0.54,1.8,0.9984,3.02,10.8,6
"443",0.23,2,0.9964,3.22,9.2,5
"444",0.28,2.1,0.99256,3.38,11.9,6
"445",0.34,6.55,0.99536,3.21,12.3,7
"446",0.19,2.5,0.9959,3.39,9.8,5
"447",0.76,3.3,1.0004,3.16,9,5
"448",0.11,2.6,0.9956,3.2,10.8,5
"449",0.43,1.8,0.9976,3.07,10,6
"450",0,2.6,0.99642,3.53,11.6,5
"451",0.22,2.1,0.99584,3.3,10.9,6
"452",0.21,1.8,0.99714,3.53,9.9,7
"453",0.14,2.1,0.99622,3.31,9.8,5
"454",0.49,1.9,0.9959,3.2,9.8,5
"455",0.18,2.7,0.99736,3.52,9.7,5
"456",0.49,1.9,0.9964,3.32,11.9,8
"457",0.49,2.3,1.001,3.31,9.8,5
"458",0.56,1.5,0.9981,3.11,9.5,6
"459",0.5,2.3,0.9991,3.02,9.6,5
"460",0.63,6.8,1.00242,3.09,9.5,5
"461",0.04,3,0.9974,3.13,10,6
"462",0.32,3.1,0.99744,3.16,12.8,7
"463",0,1.9,0.99516,3.53,11.3,6
"464",0.27,4,0.9976,3.37,9.5,5
"465",0.49,2.6,0.9991,3.16,10.5,6
"466",0,1.3,0.99692,3.45,9.5,5
"467",0.21,2.5,0.99694,3.2,9.3,6
"468",0.3,1.8,0.99688,3.35,9.5,6
"469",0.56,2.4,0.9994,3.17,10.9,7
"470",0.15,2,0.99936,3.42,12.2,6
"471",0.21,2.1,0.99786,3.3,9.4,5
"472",0.17,2.8,0.99824,3.28,10.2,5
"473",0.31,2.6,0.9971,3.07,9.2,5
"474",0,1.4,0.99682,3.31,10.9,5
"475",0.19,2,0.99576,3.5,11,7
"476",0.03,2.5,0.99628,3.52,10.5,6
"477",0,2.4,0.99728,3.5,9.8,6
"478",0.34,3,0.9991,3.2,9.3,5
"479",0.04,2.4,0.9964,3.4,9.7,6
"480",0.02,1.8,0.99498,3.32,10.1,7
"481",0.01,2.7,0.99538,3.32,10.8,7
"482",0.49,3.2,1.0021,2.98,12,5
"483",0.53,2.95,0.9976,3.05,10.3,6
"484",0.65,2.3,0.99572,3.24,11.2,6
"485",0.28,2.8,0.99828,3.28,9.5,5
"486",0.53,3.2,0.9986,3.15,11,6
"487",0,2.3,0.99444,3.31,12.4,6
"488",0.41,2.8,0.99786,3.16,10.8,5
"489",0.22,2.5,0.9988,3.18,9.6,5
"490",0.64,2.6,0.9994,3.2,10.8,6
"491",0.01,2.5,0.99743,3.52,9.3,6
"492",0.34,2.6,0.9974,3.08,9.4,5
"493",0,3,0.9988,3.3,9.6,5
"494",0.3,2,0.997,3.41,9.9,5
"495",0.31,2.8,0.9976,2.98,9.4,5
"496",0.01,1.8,0.99609,3.32,9.4,4
"497",0.06,2.6,0.9982,3.31,9.6,5
"498",0.24,2.1,0.99444,3.38,12.5,7
"499",0,1.5,0.9959,3.38,10.9,6
"500",0,2.4,0.9968,3.7,10.1,6
"501",0,1.6,0.99538,3.45,9.8,5
"502",0.39,1.8,0.99652,3.32,10.8,7
"503",0.19,1.7,0.99668,3.19,10.1,6
"504",0.01,1.9,0.99784,3.72,9.6,5
"505",0.26,2,0.9987,3.37,9.3,5
"506",0.51,1.7,0.99519,3.32,11.6,6
"507",0.44,2.1,0.9979,3.22,9.2,5
"508",0.3,2.6,0.9965,3.3,10.2,6
"509",0.1,4.5,0.99631,3.34,9.5,5
"510",0.01,1.8,0.9963,3.28,9.7,5
"511",0.34,4,0.9988,3.33,9.9,6
"512",0.01,1.4,0.99566,3.32,10.8,6
"513",0,3,0.99242,3.47,11.5,7
"514",0.09,4.3,0.9976,3.33,12,7
"515",0.1,2.3,0.99803,3.26,9,5
"516",0.15,2.3,0.99488,3.28,10.8,5
"517",0.63,2.3,0.9986,3.1,10.8,6
"518",0.19,1.8,0.99458,3.58,11.4,7
"519",0.44,2.4,0.99459,3.42,11.5,6
"520",0.06,2.5,0.99746,3.52,10.5,6
"521",0.22,2.2,0.99476,3.1,11,6
"522",0.24,2.5,0.9976,3.07,9.4,5
"523",0.41,2.2,1.0002,3.08,10.8,6
"524",0.36,1.7,0.99652,3.22,11.1,6
"525",0.59,1.9,0.9978,3.3,9.4,5
"526",0.49,2.8,1.0014,3.12,9.4,5
"527",0.22,3,0.9964,3.26,9.2,5
"528",0.35,1.9,0.99182,3.25,12.5,6
"529",0,2.1,0.99774,3.23,9.4,5
"530",0.36,2.8,0.99516,3.15,11.8,6
"531",0,1.9,0.99498,3.45,9.5,6
"532",0.04,2,0.9958,3.72,12.9,6
"533",0.4,2.2,0.99498,3.19,11.8,6
"534",0.32,5.1,0.9963,3.34,10,6
"535",0.34,2.1,0.9955,3.26,10.1,4
"536",0.51,5.2,0.99652,3.3,11.4,7
"537",0.31,2.6,0.9981,3.48,9.5,6
"538",0.49,2,0.99688,3.29,10.5,5
"539",0.02,2.1,0.99599,3.53,10.9,6
"540",0.04,3,0.9976,3.34,9.4,5
"541",0.07,1.7,0.99467,3.16,12.8,6
"542",0.2,1.4,0.99609,3.2,11,7
"543",0.31,2.3,0.99745,3.31,9.6,7
"544",0.13,1.9,0.9957,3.27,9.7,5
"545",0.4,2,0.99476,3.1,9.8,6
"546",0.26,1.9,0.9976,3.26,9.4,5
"547",0.49,2,0.9976,3.16,11,7
"548",0.25,1.9,0.99616,3.28,9.9,5
"549",0.07,2.1,0.9956,3.4,10.2,5
"550",0.45,2,0.99586,3.17,10.5,7
"551",0.03,2.1,0.9967,3.52,10.7,6
"552",0.48,2.1,0.99408,3.32,12.8,7
"553",0.14,1.8,0.99572,3.37,9.3,7
"554",0.12,2.3,0.99536,3.36,11.2,6
"555",0.52,2.4,0.99672,3.25,11,8
"556",0.32,3.4,0.99712,3.28,11,8
"557",0.53,2.5,0.9934,3.17,12,7
"558",0,1.9,0.9968,3.44,9.4,6
"559",0.21,2.6,0.99712,3.13,9.8,5
"560",0.53,2.3,0.998,3.16,10.1,7
"561",0,2.1,0.9966,3.52,9.4,5
"562",0.43,2.3,0.9987,3.15,9.3,6
"563",0.49,2.6,0.9982,3.02,10.1,6
"564",0.68,3.1,0.9971,3.09,12.3,6
"565",0.37,1.5,0.9948,3.39,12.3,7
"566",0.33,1.9,0.99472,3.31,9.5,6
"567",0.45,3,0.9988,3.36,11.7,6
"568",0.17,2.6,0.997,3.31,9.8,5
"569",0.31,2.4,0.99636,3.55,9.8,4
"570",0.03,4,0.99494,3.36,11.4,8
"571",0.28,2.1,0.99459,3.42,11.7,6
"572",0.31,2.9,0.9982,3.31,9.5,6
"573",0.49,2.6,0.9994,3.1,10.8,5
"574",0.49,3.2,0.9986,3.08,10.6,6
"575",0.2,2.8,0.996,3.53,9.8,6
"576",0.01,2.7,0.99855,3.57,10.7,6
"577",0.49,2.7,1.001,3.21,9.2,5
"578",0.34,2.5,0.99356,3.22,12.8,7
"579",0.24,2.3,0.9998,3.2,9.4,5
"580",0.3,1.2,0.99735,3,9.2,6
"581",0.32,1.9,0.99676,3.3,9.5,5
"582",0.02,1.4,0.9952,3.55,10.8,5
"583",0.15,1.9,0.9952,3.36,11,5
"584",0.53,2.4,0.99622,3.26,11.6,6
"585",0.53,2.3,0.9986,3.23,9.8,6
"586",0.26,2.1,0.99633,3.1,9.8,5
"587",0.19,2.9,0.99692,3.29,10.5,5
"588",0.18,2.7,0.99633,3.25,9.3,5
"589",0.11,2.1,0.99562,3.44,10,5
"590",0.26,2.1,0.99419,3.36,11.5,6
"591",0,2.3,0.99704,3.44,9.9,5
"592",0.49,2,0.9988,3.12,9.9,6
"593",0.2,7.5,0.99585,3.42,9.9,6
"594",0.63,2.1,0.99818,3.07,10.9,6
"595",0.4,1.8,0.9971,3.12,9.9,6
"596",0.28,2.5,0.9968,3.28,10.5,7
"597",0.25,2.8,0.99718,3.14,9.7,6
"598",0.05,1.7,0.9946,3.3,9.3,5
"599",0.31,2.5,0.99708,3.28,11.2,4
"600",0.66,6.2,1.00369,3.05,9.4,5
"601",0.32,2.8,0.99508,3.34,10.5,7
"602",0.49,2.5,1.0004,3.2,12.1,6
"603",0.24,2.2,0.9967,3.33,9.5,6
"604",0.63,3.8,1.0014,3.05,11.3,6
"605",0.06,2.1,0.9958,3.4,10.4,7
"606",0.49,3.2,0.9986,3.18,9.5,6
"607",0.07,3.7,0.99702,3.28,11,5
"608",0.25,1.5,0.99564,3.3,10.1,6
"609",0.49,4.5,1.0002,3.26,9.6,5
"610",0.49,2.9,0.9994,3.33,11.5,5
"611",0.49,5.8,1.0021,3.3,12.7,7
"612",0.37,2.1,0.9986,3.24,10.2,6
"613",0.22,2,0.99007,3.3,12,5
"614",0.3,1.9,0.9976,3.39,9.5,6
"615",0.24,2.1,0.99823,3.37,10.3,6
"616",0.66,2.8,0.9994,3.15,11.3,6
"617",0.45,2.2,0.99702,3.38,11.4,6
"618",0.52,2.5,0.9983,3.32,10.5,6
"619",0.29,1.5,0.9965,3.19,9.6,5
"620",0.05,1.8,0.9969,3.28,9.5,5
"621",0.22,2,0.9983,3.26,9.3,5
"622",0.26,1.7,0.9972,3.35,9.5,5
"623",0.26,2.5,0.9976,3.32,9.2,5
"624",0,1.9,0.99627,3.41,10.8,5
"625",0.49,2.6,0.9981,3.21,9.5,7
"626",0,2.5,0.9997,3.39,9.3,5
"627",0.33,2.4,0.99484,3.27,12.3,6
"628",0,2.4,0.9956,3.42,11,6
"629",0.46,2,0.9982,3.25,9.8,6
"630",0,2.1,0.99498,3.65,11.4,6
"631",0.46,2.3,0.9976,3.07,9.4,4
"632",0.45,2.1,0.9987,3.15,11.1,7
"633",0.5,2.2,0.9959,3.12,9.3,6
"634",0.29,2.6,0.9981,3.07,9.5,6
"635",0.3,2,0.9985,3.5,9.8,5
"636",0.06,3,0.9972,3.37,9.5,7
"637",0.53,2.9,0.9982,3.33,10.7,6
"638",0.08,2.1,0.9968,3.52,9.4,5
"639",0.3,2.6,0.9964,3.37,11.4,6
"640",0.24,1.9,0.9947,3.28,9.8,6
"641",0.36,3.3,0.99736,3.27,12,7
"642",0.23,2.3,0.9916,3.49,11.6,6
"643",0.34,2.5,0.99352,3.44,12.4,6
"644",0.39,2.2,0.9963,3.29,11.6,7
"645",0.08,1.4,0.99588,3.53,10.8,6
"646",0.12,4.1,0.99586,3.27,10,5
"647",0.24,3,0.9978,3.38,10.5,5
"648",0.03,1.7,0.99467,3.34,11.5,6
"649",0.63,3,0.9988,3.19,9.4,5
"650",0.13,2.5,0.99552,3.66,11.6,7
"651",0.08,2.6,0.9998,3.4,9.5,5
"652",0,1.8,0.99655,3.36,9.7,5
"653",0.42,2.1,0.99516,3.36,11.3,6
"654",0.31,1.8,0.99572,3.41,10.5,5
"655",0.49,2.3,0.9988,3.26,9.9,5
"656",0.27,1.8,0.99456,3.39,11.8,5
"657",0.48,2.1,0.9965,3.3,12.2,6
"658",0,2.5,0.99734,3.3,9.7,6
"659",0.24,2.7,0.9994,3.12,9.6,5
"660",0.03,2.5,0.99736,3.38,9.7,5
"661",0.36,4.3,0.99704,3.23,11.4,6
"662",0.57,2.6,0.99572,3.17,10.2,6
"663",0.4,1.7,0.999,3.38,11.7,7
"664",0.21,2.2,0.99732,3.53,9.6,5
"665",0.17,3.75,0.9956,3.39,10,5
"666",0.03,4.5,0.99746,3.58,9.9,5
"667",0.03,2.5,0.99745,3.55,9.6,5
"668",0.2,1.4,0.99612,3.28,10.8,7
"669",0.45,2.3,0.99386,3.31,12.8,6
"670",0,1.7,0.99612,3.38,9.7,5
"671",0.31,2.6,0.9978,3.31,10,5
"672",0.31,2.5,0.99516,3.4,11.8,7
"673",0.32,2,0.9964,3.3,10.4,7
"674",0.51,2,0.99396,3.26,11.7,6
"675",0.49,2.6,1.0004,3.09,10.3,5
"676",0.14,5.1,0.99939,3.24,12,7
"677",0.48,2.7,0.99865,3.33,9.3,5
"678",0.15,2.8,0.99625,3.51,10.95,6
"679",0.14,2,0.99668,3.19,9.8,7
"680",0.02,2.1,0.99514,3.39,10.7,6
"681",0.08,2.6,0.995,3.38,10,5
"682",0.36,2.5,0.9988,3.39,13.3,7
"683",0.19,2.8,0.9976,3.19,9.4,5
"684",0,3.4,0.99531,3.36,10.6,5
"685",0,2.3,0.99685,3.61,10,7
"686",0,2,0.99633,3.51,9.8,6
"687",0.33,2.2,0.99316,3.38,12,6
"688",0.48,3,0.99483,3.36,12.5,7
"689",0.24,1.8,0.99803,3.19,9.5,5
"690",0.48,2.5,0.9974,3.32,9.4,6
"691",0.53,2.2,0.99572,3.14,11.8,7
"692",0.49,3,1.0004,3.48,9.4,4
"693",0.45,3.2,0.9996,3.36,11,5
"694",0.42,2.7,0.99817,3.27,9.5,6
"695",0.01,2.1,0.99516,3.36,11.3,6
"696",0.21,2.6,0.9984,3.78,9.4,5
"697",0,2.4,0.99611,3.36,11.3,5
"698",0.21,2.1,0.9963,3.16,9.4,5
"699",0.32,2.1,0.9956,3.3,11,7
"700",0,2,0.995,3.59,11,7
"701",0.52,2.2,0.99316,3.17,12.4,6
"702",0.02,2.2,0.99734,3.36,11.7,6
"703",0.04,2.3,0.99522,3.38,10.9,7
"704",0,2.5,0.9976,3.51,10.8,5
"705",0.01,2.6,0.997,3.51,10.8,7
"706",0.32,2.4,0.99629,3.28,10.6,5
"707",0.24,2.9,0.9987,3.32,10,7
"708",0.02,1.4,0.99387,3.78,10.2,5
"709",0.34,1.9,0.99516,3.26,9.6,6
"710",0.22,2.1,0.9994,3.26,9.4,3
"711",0.26,2.8,0.9987,3.21,9.7,5
"712",0.01,2.5,0.99498,3.55,11.7,6
"713",0.12,4.2,0.9976,3.24,10.5,5
"714",0.3,1.8,0.99489,3.43,11,7
"715",0,2.8,0.9994,3.44,9.6,5
"716",0.08,2.3,0.99728,3.52,14,6
"717",0.3,2.6,0.997,3.1,9.5,5
"718",0.28,1.9,0.995,3.26,9.2,5
"719",0.74,2.8,0.9994,3.2,10.8,7
"720",0.28,2.1,0.99516,3.34,11,5
"721",0.42,2.4,0.9973,3.37,10.8,5
"722",0.03,5.6,0.99734,3.33,10.1,5
"723",0,1.7,0.99494,3.55,9.5,5
"724",0.11,1.8,0.99546,3.54,11.1,8
"725",0.68,2.4,0.99546,3.1,11,7
"726",0.1,1.9,0.99476,3.58,11.2,6
"727",0.14,2.4,0.9968,3.14,9.4,5
"728",0,2,0.99632,3.54,11.4,5
"729",0.26,1.9,0.9962,3.29,9.6,5
"730",0.27,3.3,0.9976,3.15,9.8,5
"731",0.08,2.7,0.9964,3.38,10.8,5
"732",0.24,5.5,0.9988,3.16,9.4,5
"733",0.4,2.4,0.99786,3.31,10.9,4
"734",0.3,2.6,0.9992,3.42,9.5,5
"735",0.32,2.5,0.9956,3.29,12.7,6
"736",0.04,2.3,0.9948,3.31,11.8,6
"737",0.28,1.5,0.9973,3.26,9.1,5
"738",0.63,1.9,0.9982,3.19,11.9,6
"739",0,2.5,0.99774,3.5,9.7,5
"740",0.31,2.8,0.9987,3.32,9.4,5
"741",0.35,2.8,0.9978,3.37,9.3,5
"742",0.17,1.4,0.9956,3.3,10.3,5
"743",0.44,2.6,0.99546,3.22,11.5,6
"744",0.25,2.7,0.9976,3.21,9.2,5
"745",0.08,1.8,0.9956,3.32,11.7,8
"746",0,2.1,0.99448,3.54,9.8,5
"747",0.49,2.2,1.0021,3.07,10.5,6
"748",0.3,1.7,0.9972,3,9.4,5
"749",0.52,2,0.995,3.21,10.9,5
"750",0.02,2.1,0.99668,3.35,9.3,5
"751",0,2.1,0.99562,3.41,11.5,5
"752",0.41,1.9,0.99479,3.21,11,7
"753",0.2,2.3,0.99388,3.38,11.3,7
"754",0.22,2,0.9958,3.12,9.5,5
"755",0.49,2.6,0.9997,3.04,9,6
"756",0.26,1.9,0.99738,3.14,9.5,5
"757",0.55,2.7,0.9982,3.17,11.1,7
"758",0.26,2.2,0.99616,3.3,9.9,5
"759",0.29,1.9,0.99692,3.35,10.1,6
"760",0.21,1.7,0.99448,3.14,10.3,6
"761",0.36,2.4,0.995,3.33,11.5,6
"762",0.4,2.1,0.9979,3.26,11,7
"763",0,1.6,0.9959,3.46,9.2,5
"764",0.54,2.1,1.0003,3.25,9.2,6
"765",0.59,2.5,0.99708,3.25,9.6,6
"766",0.32,2.1,0.9973,3.33,10.5,7
"767",0.47,2,0.99396,3.18,10.1,6
"768",0.02,1.5,0.9974,3.2,9.1,4
"769",0.09,1.9,0.9974,3.19,10.9,6
"770",0.19,3.3,0.9972,3.36,9.6,4
"771",0.1,1.8,0.9964,3.46,9.4,6
"772",0.13,1.9,0.99525,3.19,11.2,5
"773",0.28,1.9,0.9967,3.27,9.6,5
"774",0.07,1.9,0.99655,3.31,9.5,6
"775",0.25,2.1,0.9974,3.21,9.8,5
"776",0.13,2.3,0.99693,3.62,10.9,6
"777",0.53,1.8,1.0001,3.15,11,5
"778",0.12,1.9,0.99419,3.38,10.5,5
"779",0,2.4,0.99536,3.12,11.4,5
"780",0.6,2.1,0.99572,3.11,11.2,7
"781",0.42,1.6,0.99652,3.21,10.5,6
"782",0.43,8.3,0.99467,3.35,12.8,7
"783",0.33,1.6,0.99695,3.26,9.8,7
"784",0.03,2.2,0.9964,3.35,9.6,5
"785",0.39,2.3,0.9947,3.42,11.5,6
"786",0.4,1.7,0.99518,3.38,11,7
"787",0,2.8,0.99586,3.26,10.9,7
"788",0.34,1.7,0.99732,3.34,14,7
"789",0.12,1.8,0.99668,3.38,9.5,5
"790",0.16,1.7,0.99514,3.4,10.3,5
"791",0.07,2.4,0.99458,3.5,10.9,7
"792",0.24,2.6,0.9982,3.17,9.3,5
"793",0.63,2.4,0.9996,3.16,11,7
"794",0.01,2.1,0.99546,3.57,10.5,5
"795",0.44,2.1,0.99585,3.27,11.4,7
"796",0.24,2,0.99901,3.24,9.4,5
"797",0.55,2.3,1.0004,3.13,9.5,6
"798",0.44,2,0.9986,3.3,9.3,3
"799",0.66,2.1,0.9969,3.43,9.4,5
"800",0.22,2.1,0.99538,3.36,9.6,5
"801",0.3,2.1,0.9981,3.35,9.4,5
"802",0.01,2.3,0.99489,3.52,11.2,4
"803",0.07,2,0.99743,3.69,10.9,5
"804",0.3,2.2,0.9959,3.42,9.5,5
"805",0.3,1.7,0.99512,3.3,11.9,6
"806",0.31,2.1,0.99472,3.31,11.3,5
"807",0.36,6.6,1.00289,3.6,9.6,6
"808",0.49,2.7,0.9982,3.17,9.5,5
"809",0.49,3.3,0.9982,3.26,9.2,5
"810",0.07,1.7,0.9976,3.59,12.1,6
"811",0,1.7,0.99498,3.48,9.5,6
"812",0,2.6,0.99615,3.5,12.5,7
"813",0.49,2.9,0.9994,3.17,10.2,6
"814",0.32,2.4,0.99418,3.22,12.8,6
"815",0.26,2.4,0.9976,3.26,9.4,5
"816",0.39,2.7,0.9994,3.12,9.5,5
"817",0.53,2.7,0.99642,3.23,11.7,7
"818",0.49,1.6,0.9986,3.2,9.5,5
"819",0.08,2,0.99557,3.27,9.8,6
"820",0.47,4.3,0.9997,3.12,10.1,7
"821",0.21,2.3,0.9946,3.38,10.6,5
"822",0.31,3.4,0.99396,3.31,11.2,6
"823",0,3,1.0021,3.16,11,5
"824",0.31,2.4,0.99694,3.31,12.5,7
"825",0,2.1,0.9974,3.31,9.8,5
"826",0.26,2.6,0.99627,3.16,9.7,5
"827",0.21,1.9,0.99668,3.16,9.5,5
"828",0,2.6,0.9979,3.49,10,6
"829",0.28,2.15,0.99652,3.38,10.5,5
"830",0.2,1.9,0.9974,3.1,9.4,7
"831",0.01,2.1,0.99491,3.52,10.8,5
"832",0.51,1.7,0.99738,3.02,10,6
"833",0.49,2.3,1.00012,3.31,9.9,6
"834",0.06,2.5,0.99746,3.25,9.8,6
"835",0.06,2.3,0.9959,3.4,9.8,5
"836",0.23,3.3,0.99572,3.44,11.3,5
"837",0.59,1.9,0.99655,3.22,9.4,5
"838",0.54,2,0.9959,3.27,9.5,6
"839",0.08,2,0.99702,3.41,10.4,5
"840",0.34,3,0.99316,3.3,12.9,8
"841",0.52,1.7,0.99522,3.35,13.6,8
"842",0.15,1.6,0.9962,3.41,9.8,5
"843",0.25,2.1,0.99458,3.4,10.8,6
"844",0,2.2,0.99736,3.52,11.6,7
"845",0.12,1.8,0.99504,3.36,11.8,6
"846",0,2.4,0.9948,3.61,11.8,6
"847",0.24,1.9,0.9968,3.04,9.5,5
"848",0,2.1,0.9966,3.3,9.7,5
"849",0.24,2.1,0.99761,3.2,10.2,6
"850",0,2.3,0.995,3.54,11,6
"851",0.2,1.9,0.9956,3.39,10.1,6
"852",0.01,2,0.9972,3.47,9.9,5
"853",0.53,2.2,0.9986,3.19,10.2,6
"854",0.04,2.5,0.99744,3.53,9.2,6
"855",0.03,2,0.99627,3.32,10.1,5
"856",0.51,3.3,1.00369,3.22,10.8,6
"857",0.53,2.5,0.9996,3.15,9.1,5
"858",0.49,2.6,1,3.17,9.5,6
"859",0.14,2.1,0.99628,3.26,12,6
"860",0.59,3.7,0.99572,3.18,11.8,6
"861",0.53,2.1,0.99592,3.2,12.4,7
"862",0.24,2.5,0.99258,3.22,12.2,8
"863",0.52,1.8,0.99724,3.33,10.8,6
"864",0,2.1,0.99191,3.54,12.5,5
"865",0.53,2.1,0.9972,3.35,10.2,6
"866",0.09,2.4,0.9964,3.15,11.5,6
"867",0.45,6.4,0.99738,3.3,12.1,7
"868",0.2,1.9,0.9976,3.1,9.3,5
"869",0.51,1.8,0.99724,3.18,9.7,5
"870",0.06,4.65,0.9974,3.32,9.6,5
"871",0.48,2.1,0.99444,3.26,12.8,6
"872",0.12,1.6,0.99467,3.38,10.7,7
"873",0.31,2,0.99708,3.07,9.8,5
"874",0,1.9,0.99468,3.52,10.6,4
"875",0.21,2.6,0.9966,3.13,9.2,5
"876",0.02,2.1,0.9934,3.34,10,7
"877",0.24,2.5,0.9973,3.43,9.4,5
"878",0.3,2.1,0.99484,3.47,10,6
"879",0.44,4.2,0.99668,3.39,10,6
"880",0,1.9,0.99603,3.31,9.5,6
"881",0.1,4,0.9983,3.48,9.5,5
"882",0.54,2,0.9994,3.1,10.5,7
"883",0.03,2.5,0.99744,3.38,9.2,5
"884",0.59,2.2,0.9976,3.22,10.8,7
"885",0.24,2.2,0.9991,3.29,10.2,7
"886",0.6,2.3,0.99549,3.4,11.8,7
"887",0,2.1,0.99292,3.35,12.5,6
"888",0.45,2.3,0.99572,3.19,11.5,6
"889",0.23,2.6,0.9966,3.22,9.4,5
"890",0.26,2,0.99613,3.21,9.3,6
"891",0.21,1.8,0.9974,3.07,9.2,5
"892",0.26,1.8,0.99708,3.32,9.5,5
"893",0.46,1.8,0.99647,3.47,10.9,3
"894",0.43,3,0.9956,3.3,12,7
"895",0.46,1.7,0.9948,3.36,11,5
"896",0.23,2.2,0.9969,3.14,9.4,5
"897",0,1.9,0.99693,3.44,10,5
"898",0.53,2.6,0.9982,3.11,10,5
"899",0.07,1.9,0.99458,3.35,11.8,6
"900",0,1.8,0.9964,3.48,9.7,6
"901",0.08,2.1,0.9947,3.35,10.6,6
"902",0.32,2.1,0.99587,3.47,9.3,5
"903",0.32,2.4,0.9974,3.3,10,6
"904",0.49,2.2,0.9982,3.3,9.4,6
"905",0.17,2.1,0.99524,3.46,10.1,5
"906",0.01,1.8,0.99538,3.38,11,6
"907",0.24,2.5,0.99855,3.42,9.2,5
"908",0.29,2.6,0.9979,3.19,10.1,6
"909",0.04,1.6,0.9958,3.41,9,4
"910",0.46,2.6,0.99408,3.27,12.6,6
"911",0.27,2,0.99478,3.44,11,5
"912",0.63,2.4,0.9987,3.08,9.5,5
"913",0.01,2.3,0.9963,3.52,10.7,5
"914",0.24,2.2,0.9976,3.12,9.4,5
"915",0,2.5,0.9982,3.51,9.9,5
"916",0.24,2.2,0.998,3.29,9.3,7
"917",0.19,1.8,0.9968,3.39,9.4,5
"918",0.02,1.9,0.99736,3.34,9,5
"919",0.54,3.4,1,3.16,11,6
"920",0.02,2.1,0.99572,3.52,10.9,6
"921",0.28,1.8,0.99344,3.35,12,6
"922",0,2.2,0.9963,3.48,9.7,5
"923",0.26,2,0.99612,3.26,9.4,5
"924",0,2,0.99636,3.31,11.1,6
"925",0.28,2.1,0.9963,3.17,9.6,5
"926",0.16,1.9,0.9956,3.19,9.9,5
"927",0,2.1,0.9948,3.58,11.9,5
"928",0.26,1.9,0.9976,3.28,9.8,5
"929",0.18,2.1,0.99494,3.52,11,6
"930",0.14,2.1,0.99783,3.17,9.2,5
"931",0.73,3.65,0.9996,3.2,11.5,7
"932",0.35,3.2,0.99622,3.33,11.8,6
"933",0.31,2.3,0.9958,3.16,9.3,5
"934",0.21,2,0.9979,3.17,9.4,5
"935",0.26,2.5,0.9986,3.24,9.6,5
"936",0.49,5.5,0.9987,3.08,9.5,5
"937",0.66,2,0.99647,3.21,9.8,5
"938",0.22,2.1,0.99628,3.36,10.2,5
"939",0.44,3,0.9986,3.23,11.4,5
"940",0.4,2.4,0.99623,3.3,11.9,5
"941",0.01,4.3,0.99568,3.36,11,7
"942",0.66,2.4,0.9986,3.17,11,6
"943",0.05,2.1,0.9976,3.5,9.7,5
"944",0.49,2.4,0.9957,3.3,9.2,4
"945",0.24,3.2,0.9982,3.39,10.2,7
"946",0.01,2.3,0.99521,3.35,10.5,6
"947",0.29,2,0.99408,3.28,11.1,6
"948",0.32,2.6,0.9986,3.2,9.8,6
"949",0,2,0.9976,3.61,9.3,4
"950",0.3,2.9,0.99516,3.37,10.5,6
"951",0.25,1.9,0.99439,3.42,11,6
"952",0.12,2.1,0.9968,3.09,9.5,5
"953",0.59,2.5,0.9994,2.98,9.6,3
"954",0.01,2.3,0.9946,3.34,10.7,5
"955",0.51,1.8,0.9972,3.05,9.5,5
"956",0.21,2.1,0.99494,3.39,10.9,6
"957",0.68,2.6,0.99976,3.03,10.6,6
"958",0,1.9,0.9946,3.59,9.4,5
"959",0,2.3,0.99568,3.59,10.2,5
"960",0.29,2.4,0.99408,3.44,11.9,6
"961",0.45,2.4,0.99332,3.21,11,5
"962",0.49,2.8,0.9994,3.31,10,7
"963",0.66,2.2,0.9986,3.24,10.5,6
"964",0,1.6,0.9964,3.41,11.7,7
"965",0.24,2.4,0.9988,3.19,9.3,5
"966",0.19,3.2,0.9979,3.19,9.8,5
"967",0.03,1.7,0.99514,3.39,11.2,6
"968",0.29,1.3,0.99494,3.42,10.6,6
"969",0.52,2.1,0.99538,3.36,11,7
"970",0.21,3.3,0.99572,3.14,9.5,5
"971",0.6,2.4,0.99728,3.29,11,7
"972",0.23,2,0.99578,3.28,9.7,5
"973",0.29,1.8,0.99685,3.35,9.5,6
"974",0,1.8,0.9969,3.28,9.6,5
"975",0.29,2.1,0.9963,3.31,10.8,5
"976",0.52,4.6,0.99374,3.3,12.5,7
"977",0.23,2.3,0.9976,3.12,9.2,4
"978",0,1.4,0.99498,3.41,12.1,6
"979",0.32,1.7,0.9934,3.52,12.6,7
"980",0.02,1.9,0.9958,3.36,9.8,7
"981",0.53,1.9,0.9972,3.2,11.2,6
"982",0.39,2.6,0.9976,3.3,9.4,5
"983",0.31,3.9,0.9994,3.37,10.5,6
"984",0,2.3,0.99459,3.38,12,7
"985",0.49,6.7,0.9994,3.31,12.4,7
"986",0.06,2.1,0.9961,3.37,10.9,6
"987",0.27,1.7,0.996,3.53,9.9,5
"988",0.3,2.2,0.99728,3.29,9.8,6
"989",0.18,2,0.9979,3.26,9.6,5
"990",0,1.9,0.99693,3.26,9.6,5
"991",0.26,3.6,0.99622,3.35,9.3,5
"992",0.3,2,0.9959,3.1,9.5,5
"993",0.38,2.2,0.998,3.33,9.4,5
"994",0.2,2.3,0.9976,3.1,9.6,5
"995",0.49,2.2,0.9974,3.37,11.4,7
"996",0.47,1.9,0.9984,3.21,9.5,6
"997",0.41,2.1,0.991,3.29,12.7,7
"998",0,2.1,0.99684,3.44,9.8,4
"999",0.42,1.9,0.99504,3.35,11.5,6
"1000",0.73,2,0.99546,3.37,13.6,6
"1001",0,2.2,0.9959,3.31,11,5
"1002",0.49,1.4,0.99652,3.37,10.3,6
"1003",0.26,2.5,0.99736,3.25,9.8,5
"1004",0.49,2.4,1.0004,3.16,9.8,6
"1005",0.08,3.1,0.9957,3.04,12,7
"1006",0.02,1.9,0.99557,3.35,10.5,5
"1007",0,1.7,0.9967,3.2,10.5,7
"1008",0.22,4.1,0.99922,3.15,9.6,5
"1009",0.42,2,0.99704,3.17,10,5
"1010",0.37,2.1,0.9986,3.26,9.2,5
"1011",0,2.6,0.99631,3.38,10.9,5
"1012",0.07,2.2,0.99598,3.21,10.1,5
"1013",0.26,2.1,0.99623,3.27,9.8,6
"1014",0.31,2,0.9966,3.31,9.4,6
"1015",0.4,1.9,0.99476,3.39,10.5,6
"1016",0.53,2.4,0.99852,3.15,11,7
"1017",0.32,2.9,0.9984,3.29,9.2,6
"1018",0.54,2.6,0.999,3.14,10.9,5
"1019",0.27,2.4,0.99628,3.34,10.7,7
"1020",0.21,2.3,0.9947,3.28,9.7,5
"1021",0.06,2,0.9963,3.5,9.8,5
"1022",0.26,2.1,0.99622,3.28,9.9,6
"1023",0.32,2.7,0.99334,3.23,11.9,6
"1024",0.25,2.2,0.99656,3.13,10.6,7
"1025",0.21,4,0.9972,3.23,9,5
"1026",0.49,1.7,0.99526,3.14,12.7,7
"1027",0.02,5.5,0.99745,3.22,10.5,5
"1028",0,1.9,0.99661,3.51,9.5,5
"1029",0.27,2,0.99613,3.27,9.8,6
"1030",0.24,1.9,0.99734,3.27,10.5,5
"1031",0.3,2,0.9958,3.3,10.2,5
"1032",0.19,2.3,0.9948,3.34,9.4,7
"1033",0.43,1.6,0.9948,3.33,12.1,7
"1034",0.28,3.4,0.9976,3.28,9.3,5
"1035",0.2,1.7,0.9964,3.2,9.5,4
"1036",0.49,2.7,1.0014,3.08,9.5,5
"1037",0.01,2.3,0.9967,3.42,9.5,5
"1038",0.1,2.1,0.99855,3.56,9.5,5
"1039",0,2.1,0.99387,3.33,12,6
"1040",0,2.3,0.99354,3.54,12.1,8
"1041",0.66,3.3,1.0004,3.16,11,6
"1042",0.63,2.3,0.99704,3.17,10.3,6
"1043",0.3,1.7,0.99656,3.42,9.2,5
"1044",0.32,2.2,0.99636,3.53,9.6,5
"1045",0.28,3,0.9978,3.12,11.7,6
"1046",0.08,1.8,0.9964,3.45,9.5,4
"1047",0,1.9,0.99628,3.36,9.5,5
"1048",0.4,2.3,0.99716,3.31,9.5,6
"1049",0.07,2,0.9981,3.41,10.3,6
"1050",0.53,2.4,0.99774,3.6,9.7,5
"1051",0.49,3.9,0.9986,3.18,10,4
"1052",0,2.2,0.9978,3.33,10.5,6
"1053",0,1.4,0.99182,3.44,10.1,6
"1054",0.14,1.8,0.99538,3.68,10.4,7
"1055",0.59,2.5,0.99718,3.2,12.4,6
"1056",0.09,2.2,0.99815,3.4,12,7
"1057",0.63,3.3,1,3.2,9.4,6
"1058",0.2,1.8,0.9963,3.33,9.5,6
"1059",0.45,3.6,0.9976,3.24,9.9,8
"1060",0.16,1.8,0.99397,3.49,11.3,6
"1061",0.45,2,0.9956,3.33,11.2,6
"1062",0.24,2.3,0.9948,3.34,12.8,7
"1063",0.31,1.8,0.99648,3.37,10.9,6
"1064",0.09,2.4,0.99745,3.15,12.3,6
"1065",0.43,2.3,0.99584,3.02,13.6,7
"1066",0.55,2.4,1.00012,3.07,9.8,5
"1067",0.33,1.9,0.9972,3.34,10,6
"1068",0.63,2.6,0.9996,3.28,10.9,8
"1069",0.36,2,0.99575,3.23,10.9,5
"1070",0.19,2.3,0.99451,3.39,11.2,7
"1071",0.49,5.5,0.9982,3.22,9.4,5
"1072",0.18,2.6,0.99622,3.3,10,6
"1073",0.49,1.7,0.9997,2.98,10.2,5
"1074",0.49,2.2,1.0002,3.19,9.5,6
"1075",0.32,2.2,0.9966,3.32,9.5,5
"1076",0.39,4.3,0.99408,3.37,12,6
"1077",0.34,2.2,0.99565,3.27,10,6
"1078",0.03,2.1,0.99508,3.58,11.8,6
"1079",0,2.1,0.99494,3.42,11.2,7
"1080",0.55,2.4,1.0008,3.16,9.5,5
"1081",0.22,2.5,0.99692,3.24,10,6
"1082",0.5,8.3,1.0022,3.07,12,5
"1083",0.36,2.2,0.99517,3.21,11.4,7
"1084",0.26,1.7,0.99622,3.35,9.2,5
"1085",0.36,1.9,0.99748,3.39,12.5,6
"1086",0.06,2,0.9955,3.41,10.3,6
"1087",0.63,2.6,0.9994,3.16,13.3,7
"1088",0.49,2.8,0.9986,3.2,11.3,6
"1089",0.07,1.7,0.99385,3.38,11.1,6
"1090",0.3,1.9,0.99388,3.52,12.8,7
"1091",0.54,2.6,0.99504,3.26,11.7,6
"1092",0.36,2.1,0.99734,3.29,11.7,6
"1093",0.49,3,1.0003,3.14,10,6
"1094",0.02,6.6,0.9948,3.36,12.5,7
"1095",0.26,2.2,0.998,3.22,9.4,5
"1096",0.31,1.9,0.99387,3.35,11.9,7
"1097",0.11,2.2,0.99538,3.54,11.1,6
"1098",0.47,2.3,0.9979,3.25,9.5,5
"1099",0.26,2.2,0.99408,3.35,12.6,7
"1100",0.31,4,0.9969,3.21,11.2,6
"1101",0.21,1.9,0.9969,3.16,10.5,5
"1102",0,1.5,0.99458,3.44,10.3,6
"1103",0.49,5.8,1.0022,3.03,9.4,6
"1104",0.24,1.8,0.99498,3.16,9.5,5
"1105",0.13,4.3,0.99668,3.38,9.5,5
"1106",0.04,1.8,0.9934,3.56,11.4,5
"1107",0.24,2.6,0.9976,3.12,9.4,5
"1108",0.25,1.8,0.99632,3.31,9.5,5
"1109",0.22,2.3,0.9968,3.27,9.3,5
"1110",0.26,2,0.99694,3.52,9.7,6
"1111",0.49,1.6,0.9981,3.04,9.4,4
"1112",0.59,2.8,0.9994,3.19,13.4,6
"1113",0.19,3.9,0.99688,3.26,9.8,5
"1114",0.02,1.9,0.9971,3.38,9.1,5
"1115",0.49,2.3,0.9962,3.31,9.4,7
"1116",0.12,5.2,0.99577,3.36,10.55,5
"1117",0.6,2.8,1.0022,3,10,5
"1118",0.03,1.8,0.9973,3.27,9.5,5
"1119",0.14,2.5,0.99362,3.35,12.1,7
"1120",0.31,2.8,0.99782,3.27,9.5,5
"1121",0.3,1.6,0.999,3.2,9.4,5
"1122",0.41,3.3,0.99458,3.44,11.5,6
"1123",0.35,2,0.99613,3.42,10,7
"1124",0.26,4.5,0.9972,3.27,9.1,4
"1125",0,2,0.99619,3.43,10.5,6
"1126",0.33,2.6,0.99528,3.12,10.8,5
"1127",0.42,2,0.9948,3.55,12.9,7
"1128",0.38,1.8,0.99708,3.15,9.5,5
"1129",0,2.3,0.99258,3.18,12.8,7
"1130",0.22,2.3,0.9982,3.39,10,5
"1131",0.3,1.5,0.9965,3.2,9.4,5
"1132",0.57,2.3,0.99566,3.25,9.3,5
"1133",0.49,2.7,0.9976,3.03,9.4,5
"1134",0.1,2.2,0.99628,3.1,11.2,5
"1135",0.16,2.2,0.9952,3.44,11.7,6
"1136",0.24,2.2,0.99408,3.43,12.7,7
"1137",0.24,5.6,0.9934,3.38,12.2,7
"1138",0.24,1.7,0.99578,3.15,9.5,5
"1139",0.53,2.2,0.995,3.21,11.0666666666667,6
"1140",0.23,2.1,0.99636,3.37,10.7,6
"1141",0,2.1,0.99508,3.52,9.4,4
"1142",0.24,1.6,0.99672,3.3,10.4,6
"1143",0.53,1.6,0.9974,3.26,9.1,4
"1144",0.32,2.2,0.99242,3.3,12.6,6
"1145",0,1.8,0.99157,3.68,9.8,6
"1146",0.57,2,0.9968,3.21,10,6
"1147",0,2.5,0.9968,3.36,9.8,6
"1148",0.49,2,0.9976,3.21,9.6,5
"1149",0.21,2.6,0.9982,3.15,11.9,5
"1150",0.45,3.2,0.99914,3.29,11.7,7
"1151",0.01,2.1,0.99504,3.38,11.8,5
"1152",0.06,1.7,0.9958,3.38,10.5,6
"1153",0.55,2.2,0.99562,3.36,11.1,8
"1154",0.3,1.7,0.99538,3.48,10.4,5
"1155",0,1.9,0.9958,2.94,9.2,6
"1156",0.05,1.8,0.99546,3,10.1,7
"1157",0.31,2,0.99472,3.38,12.5,6
"1158",0.11,1.9,0.99782,3.32,9.6,6
"1159",0.03,1.7,0.9972,3.2,9,5
"1160",0.37,5.8,1.001,3.16,11.8,6
"1161",0.42,2,0.9962,3.21,11,6
"1162",0.02,2.6,0.9988,3.47,9.4,6
"1163",0,1.9,0.99603,3.4,9.8,5
"1164",0.49,1.6,0.9972,3.26,9.3,5
"1165",0.32,3.8,0.99642,3.39,9.4,5
"1166",0.53,2.5,0.9988,3.3,10.6,7
"1167",0,2.3,0.9976,3.44,9.4,5
"1168",0,2.1,0.9978,3.39,9.4,5
"1169",0.03,1.8,0.99528,3.36,11.8,8
"1170",0.39,2.5,0.9981,3.28,9.5,6
"1171",0,2,0.99494,3.38,10.9,6
"1172",0.27,2.2,0.99716,3.52,10.1,5
"1173",0.43,1.7,0.9958,3.36,9.4,4
"1174",0.23,2.1,0.9963,3.35,10.1,6
"1175",0.23,2.3,0.9976,3.16,9.8,5
"1176",0.49,3,1.0026,3.16,9.3,5
"1177",0.45,2.2,0.99388,3.48,13.2,5
"1178",0,1.7,0.99538,3.36,10,7
"1179",0.01,2.3,0.99516,3.32,11.7,5
"1180",0.24,1.8,0.9969,3.47,9.4,5
"1181",0.03,2.6,0.9966,3.35,9.8,5
"1182",0.28,1.9,0.99628,3.26,9.9,6
"1183",0.54,2.5,0.999,3.17,9.6,3
"1184",0.02,2.1,0.99538,3.58,11.2,5
"1185",0.48,5.5,0.99738,3.26,11.9,7
"1186",0.26,1.9,0.99613,3.26,9.8,5
"1187",0.3,2.2,0.99752,3.28,9.4,6
"1188",0.25,2,0.9982,3.14,9.7,6
"1189",0.06,2.1,0.9964,3.27,9.8,7
"1190",0.49,1.4,0.9982,3.11,9.5,6
"1191",0.03,1.6,0.99586,3.33,10,6
"1192",0,1.8,0.9958,3.45,11,5
"1193",0.03,3,0.99761,3.38,10,6
"1194",0.28,2.4,0.99748,3.28,9.8,5
"1195",0.14,1.9,0.99522,3.51,9.1,6
"1196",0.47,2.1,0.99965,3.18,11,6
"1197",0.27,2.1,0.99672,3.26,11.3,6
"1198",0.6,2,0.99622,3.4,10.7,6
"1199",0.08,2.9,1.0002,3.48,10.9,6
"1200",0.04,1.7,0.99385,3.67,10.1,6
"1201",0.15,2,0.99438,3.29,11.7,6
"1202",0.6,3,1.0004,3.16,11,7
"1203",0.28,1.4,0.99652,3.34,9.7,6
"1204",0.21,2.1,0.99444,3.34,12.9,7
"1205",0.26,2.1,0.99612,3.27,10,6
"1206",0.11,2.1,0.99668,3.19,9.5,5
"1207",0,1.6,0.9956,3.58,9.4,5
"1208",0.05,1.7,0.9963,3.5,9.2,5
"1209",0.54,2.6,0.9984,3.17,9.7,5
"1210",0.32,2.8,0.99388,3.36,12.5,7
"1211",0.26,2.6,0.9994,3.21,9.9,6
"1212",0.2,5.1,0.9971,3.25,9.2,5
"1213",0.26,2.7,0.9972,3.26,9.3,5
"1214",0.24,5.15,0.9966,3.29,9.5,5
"1215",0.49,2.7,0.99182,3.39,11.8,6
"1216",0.36,2.6,0.99565,3.32,11,6
"1217",0.28,2.6,0.99736,3.3,9.5,5
"1218",0.09,2.5,0.99568,3.52,10.4,6
"1219",0.47,2.2,0.9994,3.1,9.1,6
"1220",0.14,1.9,0.9972,3.41,9,5
"1221",0,1.7,0.99624,3.32,11,7
"1222",0.49,2.5,0.998,3.14,10.7,6
"1223",0.55,2,0.9994,3.19,10,6
"1224",0.22,2,0.9976,3.28,9.4,5
"1225",0,2.1,0.99162,3.38,11.9,6
"1226",0.2,3.3,0.9978,3.21,9.2,5
"1227",0.6,2.4,0.99914,3.27,11.4,8
"1228",0.28,3.4,0.99788,3.31,9.6,5
"1229",0.11,2,0.99668,3.3,9.8,5
"1230",0,2.1,0.99252,3.54,12.5,6
"1231",0.2,1.8,0.99498,3.39,10.3,7
"1232",0.49,2.1,0.9994,3.16,9.4,5
"1233",0.58,2,0.9988,3.03,9.4,5
"1234",0.66,2,0.99652,3.1,11.5,6
"1235",0.22,2.1,0.99636,3.53,10.7,5
"1236",0.24,2.1,0.9994,3.25,10.4,7
"1237",0.41,2.5,0.9984,3.17,10.3,5
"1238",0,2,0.99712,3.61,11.6,6
"1239",0.01,2.3,0.99492,3.39,10,6
"1240",0.02,3,0.9964,3.36,9.8,5
"1241",0.49,2,0.99578,3.3,12,7
"1242",0.4,2.2,0.998,3.31,9.5,6
"1243",0.37,2.2,0.99732,3.41,9.6,7
"1244",0.49,5.2,1.0021,3.3,12,5
"1245",0.38,2.2,0.99914,3.15,11.8,6
"1246",0,1.8,0.99536,3.51,11.9,6
"1247",0.25,2.1,0.99621,3.3,9.2,5
"1248",0.2,2.1,0.99588,3.39,11.4,5
"1249",0.57,1.7,0.99652,3.29,9.4,5
"1250",0.26,1.9,0.99622,3.26,9.8,5
"1251",0.45,2,0.99738,3.37,11,6
"1252",0.18,1.5,0.9948,3.4,10.2,5
"1253",0.49,4.8,1.0014,3.16,11,7
"1254",0.27,2.9,0.99854,3.18,9.5,5
"1255",0.32,1.9,0.99728,3.35,9,5
"1256",0.08,2.1,0.9955,3.2,10,6
"1257",0.45,1.9,0.9976,3.16,9.5,5
"1258",0.26,1.9,0.996,3.2,9.6,5
"1259",0,2.2,0.9982,3.53,9.5,5
"1260",0.41,2.5,0.999,3.2,10.3,6
"1261",0.37,2.4,0.99584,3.34,11.3,7
"1262",0.49,2,0.9972,3.28,11.0666666666667,7
"1263",0,2.2,0.995,3.36,12.4,6
"1264",0.53,2.1,0.99534,3.2,12.2,6
"1265",0.04,2.15,0.9962,3.78,9.7,5
"1266",0.07,2.2,0.9973,3.51,9.7,5
"1267",0,1.9,0.99704,3.3,9.1,5
"1268",0.2,3.3,0.99815,3.26,9.5,5
"1269",0.45,2,0.9934,3.2,12.3,5
"1270",0.5,2,1.0002,2.74,9.2,6
"1271",0.51,1.8,0.99416,3.3,11.3,5
"1272",0.24,2.9,0.9994,3.02,9.7,5
"1273",0.1,2.1,0.99538,3.48,11.2,7
"1274",0.26,2.7,0.9977,3.33,9.7,5
"1275",0.32,1.8,0.9934,3.36,9.2,5
"1276",0.23,3.4,0.99738,3.21,9.4,5
"1277",0.53,2.1,0.99736,3.26,12.6,7
"1278",0.06,2.3,0.99628,3.33,9.8,5
"1279",0.49,2.5,0.9988,3.22,9.3,5
"1280",0.32,1.7,0.9961,3.34,10.7,7
"1281",0,2.8,0.99659,3.51,10.2,7
"1282",0.67,2,0.9968,3.15,9.8,6
"1283",0.08,2.7,0.99628,3.56,10.6,6
"1284",0.63,2,0.9976,3.17,11.4,6
"1285",0.1,1.3,0.9966,3.59,10.4,5
"1286",0.06,2.6,0.99618,3.33,10.9,7
"1287",0.3,3.4,0.9977,3.2,10.3,5
"1288",0.08,2.4,0.9964,3.36,10.4,7
"1289",0,2.4,0.99656,3.47,9.8,5
"1290",0.08,2.1,0.99538,3.44,10.2,3
"1291",0.1,3,0.99656,3.27,9.4,5
"1292",0.3,1.9,0.99494,3.38,11,6
"1293",0.49,2,1.0002,3.3,9.5,5
"1294",0.24,1.7,0.9956,3.39,10.9,5
"1295",0.57,1.8,0.99459,3.24,9.6,5
"1296",0.49,2.6,0.9976,3.14,10.9,6
"1297",0.16,2.3,0.9971,3.34,9.6,5
"1298",0.3,2.6,0.9959,3.2,10.5,6
"1299",0.54,3.4,0.99344,3.32,12,7
"1300",0.4,2.8,0.99467,3.27,12.9,6
"1301",0.14,2.2,0.99462,3.54,11.8,6
"1302",0.48,3.4,0.9987,3.23,9.2,5
"1303",0.25,2,0.9976,3.17,9.4,5
"1304",0.32,2.1,0.99476,3.28,11.5,6
"1305",0.24,2.3,0.99656,3.25,9.7,5
"1306",0.53,2.6,0.9934,3.17,12,7
"1307",0.37,2.8,0.9973,3.24,10.1,6
"1308",0.06,2.6,0.99739,3.37,9.9,6
"1309",0.49,2.7,0.9994,3.1,9.9,5
"1310",0.04,2.1,0.99855,3.52,10.5,6
"1311",0.19,2.8,0.99736,3.19,9.5,3
"1312",0.08,6.55,0.9974,3.47,10.7,8
"1313",0.08,2.4,0.9964,3.42,10.6,6
"1314",0.36,1.8,0.99739,3.43,10.9,5
"1315",0.02,4.1,0.99508,3.51,11.4,6
"1316",0.13,2.5,0.9987,3.44,10.5,7
"1317",0.14,1.8,0.99574,3.59,10.5,5
"1318",0.59,2.8,0.9986,3.36,10.4,6
"1319",0.32,2.1,0.99734,3.28,9.6,5
"1320",0.24,2,0.9971,3.15,9.8,5
"1321",0.22,1.6,0.9978,3.31,10,7
"1322",0.29,2.5,0.9958,3.16,9.6,5
"1323",0.43,2,0.9955,3.35,10.3,6
"1324",0.29,2.1,0.9978,3.26,9.4,5
"1325",0.43,3.4,0.9973,3.19,11,6
"1326",0.03,2.6,0.99656,3.51,9.8,6
"1327",0.26,2.9,0.99612,3.35,10.3,6
"1328",0,2.5,0.99258,3.25,12.4,6
"1329",0.3,5.6,0.99786,3.3,12,5
"1330",0.42,2.8,0.99633,3.32,10.4,5
"1331",0.24,2.2,0.9976,3.12,9.3,5
"1332",0.22,2.1,0.99489,3.36,10.3,6
"1333",0.24,2.4,0.9994,3.33,10.4,6
"1334",0.66,3,0.9997,3.08,9.2,5
"1335",0,2,0.99557,3.3,10.1,5
"1336",0.32,1.9,0.99552,3.38,9.2,5
"1337",0.08,2,0.99588,3.45,9.8,5
"1338",0.26,2,0.99675,3.26,9.9,5
"1339",0.24,3,0.9986,3.35,10.8,8
"1340",0.49,4.1,0.9994,3.17,10.6,5
"1341",0.42,2.5,0.99787,3.57,10.9,7
"1342",0.24,1.9,0.9978,3.18,9.3,5
"1343",0.01,2.8,0.99668,3.37,9.9,6
"1344",0.03,1.6,0.9927,3.48,12.3,8
"1345",0.23,1.7,0.9968,3.14,9.2,5
"1346",0.49,2.4,0.9988,3.17,9.4,6
"1347",0.25,2.3,0.99688,3.28,10.5,6
"1348",0.56,1.7,0.9979,3.07,9.4,6
"1349",0.24,2.4,0.9974,3.07,10.2,6
"1350",0.66,2,0.9986,3.05,10.8,7
"1351",0.49,1.9,0.9974,3.25,9.1,5
"1352",0.3,2.2,0.99492,3.42,12.5,7
"1353",0,2,0.99437,3.34,11.5,6
"1354",0.24,1.9,0.99656,3.41,10.4,7
"1355",0.35,2,0.9962,3.29,11.5,7
"1356",0.19,2.4,0.99418,3.39,11.2,7
"1357",0.09,1.7,0.99498,3.35,10,5
"1358",0.25,1.8,0.99593,3.15,9.8,5
"1359",0.4,2.3,0.99418,3.3,12.8,6
"1360",0,2.3,0.99467,3.55,11.4,5
"1361",0.24,2.2,0.99604,3.37,10.6,7
"1362",0.49,1.4,0.99586,3.31,10.3,5
"1363",0.32,2.1,0.99629,3.28,11.2,6
"1364",0.28,2.5,0.9984,3.38,9.6,6
"1365",0.37,2.4,0.99746,3.23,10.8,6
"1366",0.24,2.3,0.99682,3.21,9.5,5
"1367",0.3,3.6,0.9972,3.34,9.5,5
"1368",0.41,2.1,0.99506,3.33,10.3,7
"1369",0.48,2.1,0.9982,3.26,9.8,6
"1370",0.36,2.4,0.99444,3.27,12.6,6
"1371",0.35,2.1,0.99728,3.27,9.1,5
"1372",0.33,1.7,0.99535,3.31,10,7
"1373",0.03,2.2,0.996,3.53,10.7,6
"1374",0.4,1.7,0.99648,3.3,10.3,5
"1375",0,1.8,0.99558,3.56,9.2,5
"1376",0.4,1.4,0.99346,3.18,11.5,6
"1377",0.49,3.3,1.0002,3.19,9.5,5
"1378",0.5,1.7,0.99467,3.35,12,6
"1379",0,2.4,0.99574,3.42,11.7,5
"1380",0.31,1.9,0.99728,3.31,10,6
"1381",0.22,2,0.9948,3.29,11,7
"1382",0.31,2.2,0.9988,3.12,9.4,5
"1383",0.04,1.7,0.99568,3.26,9.8,5
"1384",0.49,2.7,1.0002,3.19,9.2,7
"1385",0,1.4,0.9982,3.45,9.4,5
"1386",0.16,2,0.9996,3.24,10.5,6
"1387",0,2.05,0.99576,3.38,11.2,7
"1388",0.49,3.2,0.99652,3.46,9.5,7
"1389",0.2,1.7,0.9957,3.61,9.2,5
"1390",0.3,1.8,0.99464,3.39,10,6
"1391",0.39,2.5,0.99652,3.47,10.1,5
"1392",0.53,2.6,0.9982,3.1,10.4,8
"1393",0.31,2.1,0.99692,3.25,10.2,5
"1394",0.19,2,0.9974,3.59,9.8,5
"1395",0.53,4.5,1.0018,3.2,12,6
"1396",0.66,3.6,0.9996,3.2,11.2,7
"1397",0.3,2.2,0.99786,3.47,9.4,5
"1398",0.24,2.2,0.99688,3.22,9.2,3
"1399",0.26,1.7,0.99622,3.21,9.9,5
"1400",0.1,2,0.99557,3.37,9.4,5
"1401",0.49,3.3,1.00315,2.92,12,6
"1402",0.26,2.2,0.99785,3.27,9.7,5
"1403",0.02,1.8,0.9961,3.38,9.5,5
"1404",0.49,6.2,1.0004,3.26,11.5,5
"1405",0.38,2,0.99581,3.27,10.4,7
"1406",0.53,2.1,0.99492,3.27,12.8,6
"1407",0.32,2.1,0.99408,3.28,12.4,7
"1408",0,2.3,0.9956,3.54,12,7
"1409",0.03,1.6,0.9958,3.36,10.7,8
"1410",0.17,3.4,0.9982,3.17,9.5,5
"1411",0.24,2.1,0.9964,3.39,10.9,5
"1412",0.06,1.8,0.99504,3.39,11.9,6
"1413",0.37,2.5,0.99538,3.26,12.5,7
"1414",0.35,1.7,0.99855,3.28,10.2,8
"1415",0.39,2.1,0.99652,3.35,12.9,6
"1416",0.53,2.6,0.9988,3.15,11.0666666666667,7
"1417",0.28,2.5,0.99538,3.34,12.5,6
"1418",0.53,2.2,0.9968,3.15,11.8,6
"1419",0.25,1.8,0.99419,3.43,10.1,7
"1420",0.32,1.9,0.99616,3.26,9.2,5
"1421",0.12,2.3,0.99492,3.36,11.6,6
"1422",0.17,1.8,0.99925,3.31,12,7
"1423",0.23,2.4,0.99728,3.52,9.5,5
"1424",0.32,3.2,0.99633,3.16,11.7,7
"1425",0.26,2.5,0.99786,3.26,9.6,5
"1426",0.49,4.1,1.00289,3.14,11.3,6
"1427",0.17,2.8,0.99632,3.44,9.5,6
"1428",0.08,2.5,0.99584,3.42,9.4,5
"1429",0.45,2,0.9994,2.94,9.7,6
"1430",0.5,2.3,0.99572,3.27,11.3,7
"1431",0.1,2.5,0.99562,3.17,10.9,6
"1432",0.3,8.2,0.9994,3.19,10.2,6
"1433",0.26,2,0.9968,3.21,9.8,5
"1434",0.15,2,0.99182,3.59,12.2,5
"1435",0.49,2.5,0.9996,3.24,10.3,6
"1436",0.1,2.1,0.99706,3.27,10.6,6
"1437",0,2.7,0.9934,3.51,12.4,7
"1438",0.29,2.1,0.99294,3.31,12.1,6
"1439",0,2,0.9958,3.45,10.5,6
"1440",0.05,1.8,0.9962,3.41,10.5,6
"1441",0.09,2.3,0.99418,3.42,12,7
"1442",0.01,2.1,0.99566,3.47,9.4,5
"1443",0.22,2.6,0.9986,3.31,9.3,6
"1444",0.66,2.8,0.9994,3.2,11.5,4
"1445",0,4,0.9986,3.16,9.6,5
"1446",0.32,2.3,0.99716,3.27,10.5,7
"1447",0,2.3,0.99672,3.48,11.4,6
"1448",0.35,3.7,0.9982,3.43,9.4,5
"1449",0.24,1.8,0.9956,3.35,10.3,6
"1450",0.2,1.7,0.99683,3.2,10.1,5
"1451",0.35,2.7,0.99786,3.17,10.5,5
"1452",0.15,1.8,0.9964,3.48,9.1,6
"1453",0.07,1.7,0.99538,3.44,10,7
"1454",0.08,1.9,0.99553,3.42,9.5,6
"1455",0.49,1.6,0.9974,3.03,9.9,6
"1456",0.4,2,0.9974,3.27,10.1,5
"1457",0.55,2.7,0.9982,3.03,9.8,6
"1458",0.25,2.7,0.99782,3.2,9.4,5
"1459",0.24,2.2,0.99914,3.2,9.8,6
"1460",0,2.3,0.99836,3.51,9.7,5
"1461",0.66,3.2,1.00242,3.16,11.2,5
"1462",0.24,1.6,0.99702,3.41,10.5,5
"1463",0,2.4,0.99344,3.45,11.8,6
"1464",0.1,6.1,0.99576,3.33,9.6,5
"1465",0.42,2.1,0.99534,3.3,11.4,5
"1466",0.49,3.3,0.998,3.15,9.7,5
"1467",0.59,2.1,0.9994,3.1,11.1,6
"1468",0.08,2.3,0.99738,3.34,9.2,5
"1469",0.42,2.2,0.99702,3.2,11.3,6
"1470",0.01,1.7,0.9961,3.57,11,5
"1471",0.1,2.9,0.9964,3.16,9.6,6
"1472",0.39,2.4,0.9981,3.39,10.9,5
"1473",0.5,2.3,0.9994,3.03,10.5,5
"1474",0.21,1.8,0.99748,3.16,9.4,5
"1475",0.29,2.8,0.99596,3.28,11.1,5
"1476",0.15,2.1,0.99714,3.33,10,7
"1477",0.08,1.8,0.9958,3.51,10.1,6
"1478",0.65,2.1,1,2.98,9.5,6
"1479",0.09,2.2,0.9976,3.44,9.6,5
"1480",0.44,2.2,0.9978,3.39,11.5,7
"1481",0.45,1.9,0.9981,3.35,11.9,6
"1482",0.32,2.3,0.9973,3.37,10,6
"1483",0,1.9,0.99494,3.6,10,5
"1484",0.01,2.1,0.9976,3.54,12.4,6
"1485",0.19,1.8,0.99458,3.39,10.1,7
"1486",0.13,6.7,0.99538,3.51,11.4,7
"1487",0.22,5.5,0.9986,3.35,10.4,6
"1488",0.26,5.1,0.9976,3.37,9.4,5
"1489",0,1.9,0.99258,3.47,10.6,6
"1490",0.35,1.7,0.9978,3.41,9.2,6
"1491",0.27,2.5,0.99534,3.35,11.7,7
"1492",0.49,2.5,0.9976,3.25,10.8,6
"1493",0.66,2,0.9979,3.11,11.8,6
"1494",0.37,2,0.9978,3.14,9.9,5
"1495",0.32,2,0.9963,3.3,10.5,6
"1496",0.24,1.9,0.9948,3.36,10.6,5
"1497",0.45,3,0.99774,3.35,10.7,5
"1498",0.28,2.1,0.9956,3.28,11.7,6
"1499",0.17,3,0.9994,3.39,9.5,6
"1500",0.28,2.6,0.9988,3.21,9.1,5
"1501",0.02,2.8,0.9976,3.48,10.1,6
"1502",0.24,2.8,0.9984,3.36,9.5,5
"1503",0,1.8,0.9956,3.2,9.2,5
"1504",0.41,1.8,0.99652,3.15,9.5,6
"1505",0.51,2,0.9982,3.25,11,6
"1506",0.39,5,0.99782,3.19,10.7,6
"1507",0.22,2.7,0.9984,3.28,9.9,6
"1508",0.07,2.4,0.9976,3.5,9.2,5
"1509",0.57,2.2,0.99502,3.21,11.8,6
"1510",0.05,1.6,0.99734,3.38,10.6,5
"1511",0.22,2.6,0.9991,3.15,9.5,5
"1512",0.31,2.1,0.99718,3.08,9.5,5
"1513",0.25,2,0.9968,3.19,9.6,5
"1514",0.29,2.7,0.9987,3.31,9.4,5
"1515",0.23,3,0.9968,3.23,9.8,5
"1516",0.34,1.9,0.9956,3.34,10.9,5
"1517",0.34,2,0.99516,3.26,11.2,7
"1518",0.24,2.7,0.9964,3.3,9.4,5
"1519",0.41,2.1,0.99562,3.27,12,6
"1520",0.18,3,0.99768,3.38,9.5,6
"1521",0.27,2.4,0.99182,3.52,12.8,7
"1522",0.48,2.6,0.9976,3.03,9.8,5
"1523",0,2.4,0.99518,3.33,11.7,7
"1524",0.22,2,0.9976,3.27,9.7,5
"1525",0.6,3,0.9968,3.1,10,5
"1526",0.24,1.5,0.99572,3.28,11,8
"1527",0.45,5.8,0.9956,3.32,11,5
"1528",0.23,2,0.99761,3.22,9.7,6
"1529",0.37,2.9,0.99632,3.34,9.4,5
"1530",0.28,2.8,0.9982,3.18,9.8,6
"1531",0.28,3.4,0.9991,3.2,9.4,5
"1532",0.34,2.5,0.9952,3.24,12.4,6
"1533",0,1.6,0.997,3.33,9.2,5
"1534",0.02,2.1,0.99717,3.4,11,7
"1535",0.05,2.8,0.9966,3.31,9.4,5
"1536",0.06,1.7,0.9969,3.48,10.3,7
"1537",0.15,2.9,0.9982,3.23,9.9,5
"1538",0.21,3,1.0004,3.38,9.5,5
"1539",0.33,2.8,0.9976,3.3,11.5,5
"1540",0.49,2.3,0.9976,3.21,9.3,5
"1541",0.31,2.95,0.9916,3.61,12.6,5
"1542",0.2,2.2,0.9972,3.15,9,5
"1543",0.3,1.8,0.99648,3.3,9.5,5
"1544",0,1.6,0.9968,3.47,9.8,6
"1545",0.66,3.4,0.99672,3.22,11.2,7
"1546",0.45,1.9,0.99418,3.26,11.4,6
"1547",0.43,2.2,0.9987,3.22,10.1,6
"1548",0.42,2.4,0.9964,3.55,9.7,5
"1549",0.3,2.5,0.99914,3.32,9.5,5
"1550",0.23,2.2,0.9971,3.53,12.8,6
"1551",0.24,2.5,1.0008,3.16,9.5,6
"1552",0.13,4.2,0.99587,3.36,10.1,6
"1553",0.19,2,0.9956,3.42,10.9,5
"1554",0.24,2,0.9964,3.04,10,6
"1555",0.06,2.2,0.99728,3.35,9.8,5
"1556",0.6,2.2,0.9982,3.3,10.2,5
"1557",0.31,4,0.9986,3.4,10.9,6
"1558",0.24,1.9,0.9976,3.26,9.8,5
"1559",0.4,2.4,0.99708,3.23,9.4,6
"1560",0.27,2.3,0.99516,3.17,11.7,6
"1561",0.08,1.8,0.9955,3.42,9.5,6
"1562",0.4,1.8,0.9968,3.44,9.4,7
"1563",0.05,2.3,0.99395,3.36,10.4,7
"1564",0.42,2.1,0.99616,3.33,11.4,6
"1565",0.1,1.7,0.9962,3.31,9.5,5
"1566",0.49,2.4,0.9988,3.08,9.6,5
"1567",0.03,2.2,0.9963,3.42,9.2,6
"1568",0.07,2.1,0.99564,3.35,10,7
"1569",0.43,1.8,0.9942,3.08,10.3,6
"1570",0.68,2.3,0.9966,3.3,9.1,5
"1571",0,1.5,0.99478,3.31,10,5
"1572",0,2.1,0.99396,3.56,11.2,6
"1573",0.66,2.7,1.0004,3.05,10.9,5
"1574",0,1.9,0.99448,3.5,10,6
"1575",0.24,1.9,0.99472,3.22,9.2,6
"1576",0.14,2.6,0.99714,3.16,10.6,6
"1577",0.07,2.1,0.9954,3.48,11.3,7
"1578",0.12,1.5,0.9962,3.33,9.4,5
"1579",0.3,3,0.99822,3.25,9.1,5
"1580",0.24,2.3,0.9953,3.54,11,6
"1581",0.08,2.1,0.99448,3.48,10.4,6
"1582",0.6,2.1,0.99702,3.28,11.4,7
"1583",0.66,3,1.0026,3.2,10,6
"1584",0.29,1.9,0.9966,3.32,9.2,5
"1585",0.12,4.65,0.99746,3.42,10.9,6
"1586",0.14,1.9,0.99586,3.19,9.3,6
"1587",0.17,2.1,0.99855,3.24,9.5,4
"1588",0.49,2.5,0.99476,3.05,12.7,6
"1589",0.3,2.3,0.9973,3.35,10,7
"1590",0.53,2.6,0.99736,3.28,9.3,4
"1591",0.36,1.7,0.99728,3.34,10,7
"1592",0.1,4.5,0.99586,3.1,10.5,6
"1593",0.15,2.4,0.99512,3.52,10.1,5
"1594",0.26,2.3,0.99746,3.3,9.6,5
"1595",0.52,2.3,0.9988,3.26,11.7,8
"1596",0.6,3.3,1,3.16,9.5,7
"1597",0.29,2.7,1.0004,3.25,9.7,6
"1598",0.63,2.6,1.0014,3.08,10.9,6
"1599",0.3,1.6,0.9964,3.46,9.2,5
"1600",0,2.2,0.99562,3.68,13.2,5
"1601",0.3,2.2,0.9966,3.3,10.4,6
"1602",0,1.5,0.99162,3.47,11.3,5
"1603",0.3,2.2,0.9973,3.2,9.2,5
"1604",0.32,2.2,0.99725,3.38,12,6
"1605",0.49,2.5,0.9994,3.05,12.4,7
"1606",0.34,2.1,0.9968,3.3,10.7,6
"1607",0.26,2,0.9964,3.3,9.2,6
"1608",0.21,2.1,0.9966,3.52,9.5,5
"1609",0.49,2.3,0.9994,3.1,11,5
"1610",0.14,2.7,0.9964,3.39,10.5,6
"1611",0.13,1.8,0.99514,3.32,11.5,6
"1612",0.25,2.7,0.99656,3.27,11.8,6
"1613",0,2.8,0.9986,3.24,10.8,6
"1614",0.05,1.8,0.99655,3.38,9.7,5
"1615",0,1.7,0.9948,3.6,10.9,6
"1616",0.32,2.1,0.9948,3.29,11.4,6
"1617",0.54,2.2,0.9987,3.27,9.3,7
"1618",0.14,2.5,0.99378,3.37,11.4,6
"1619",0.21,3.3,0.9955,3.48,9.5,5
"1620",0.2,2.9,0.9994,3.3,9.8,5
"1621",0.66,3.3,0.9988,3.2,9,5
"1622",0.53,2,0.9994,3.25,12.1,6
"1623",0.45,1.8,0.99685,3.35,9.8,7
"1624",0.49,3.6,0.9976,3.14,10.6,6
"1625",0.32,1.8,0.99612,3.36,11.2,6
"1626",0.24,2.1,0.9976,3.12,10.8,5
"1627",0.06,2.4,0.99488,3.61,12.3,4
"1628",0.1,1.7,0.99748,3.54,10.3,5
"1629",0.02,2,0.99855,3.12,9.4,5
"1630",0.24,1.7,0.99842,3.21,9.4,5
"1631",0.36,2.3,0.99437,3.36,11.2,5
"1632",0.24,2.2,0.9976,3.12,9.6,5
"1633",0.49,3.6,0.9974,3.08,9.1,5
"1634",0.21,2.3,0.9964,3.23,9.9,6
"1635",0.02,2.1,0.99613,3.53,9.7,5
"1636",0.24,3.4,0.9976,3.37,11.1,5
"1637",0.66,2.3,0.99704,3.07,10.0333333333333,7
"1638",0.08,2.1,0.99552,3.41,9.5,5
"1639",0.28,2.6,0.99824,3.38,10,6
"1640",0.33,1.7,0.9958,3.43,11,7
"1641",0.48,2.1,0.99502,3.27,11,6
"1642",0,2.5,0.99554,3.48,11.4,6
"1643",0,2.2,0.99358,3.59,12.9,7
"1644",0.3,2.5,0.9972,3.42,9.6,6
"1645",0.73,3.3,0.9994,3.18,10.2,7
"1646",0.26,2.7,0.99616,3.3,9.5,6
"1647",0.01,2.6,0.997616,3.24,11.5,6
"1648",0.48,2.4,0.9976,3.31,9.3,5
"1649",0.21,2.4,0.9953,3.61,9.8,7
"1650",0.07,1.8,0.99479,3.71,10.5,7
"1651",0.25,1.9,0.99499,3.36,10.1,5
"1652",0.24,2.4,0.9976,3.2,9.4,5
"1653",0.49,2.1,0.99498,3.31,9.8,6
"1654",0.3,1.6,0.99652,3.25,9.5,4
"1655",0.24,2.2,0.9976,3.26,9.7,6
"1656",0.33,2.4,0.9922,3.38,12,6
"1657",0.66,2.7,0.9986,3.08,10.5,3
"1658",0,2.2,0.9976,3.48,9.4,6
"1659",0.43,2,0.9978,3.16,11.8,8
"1660",0.23,1.5,0.99593,3.28,9.2,5
"1661",0.01,1.6,0.99538,3.36,10,6
"1662",0,1.8,0.9934,3.36,11,6
"1663",0.24,2.4,0.99652,3.47,9.7,6
"1664",0,2.1,0.99636,3.38,9.7,5
"1665",0.32,2.7,0.99736,3.21,9.4,5
"1666",0.32,2.1,0.9953,3.36,10.5,6
"1667",0.23,2.1,0.9974,3.16,9.4,5
"1668",0.21,2.6,0.9982,3.28,9.5,5
"1669",0.29,1.9,0.99552,3.39,9.2,5
"1670",0.03,2.3,0.99746,3.35,11.4,7
"1671",0.72,2.2,0.9974,3.07,11.7,5
"1672",0.24,1.5,0.9978,3.32,10,6
"1673",0.45,2.3,0.9997,3.28,9.6,5
"1674",0.53,2,0.99642,3.15,9.5,6
"1675",0.15,5.2,0.99693,3.34,9.4,6
"1676",0.33,1.8,0.99362,3.47,10.3,6
"1677",0.64,2.8,0.9974,3.09,10.9,7
"1678",0.25,2.2,0.99702,3.15,10.1,6
"1679",0.4,2.2,0.99454,3.2,11.7,7
"1680",0,1.8,0.99387,3.38,11.4,8
"1681",0.09,2.2,0.99498,3.42,12,6
"1682",0.04,3,0.9964,3.55,11.6,5
"1683",0.66,2.2,0.9976,3.06,9.2,5
"1684",0.28,3.6,0.9982,3.13,9.3,4
"1685",0.41,2.3,0.99444,3.3,11.7,5
"1686",0.24,2,0.9976,3.22,9.6,5
"1687",0.63,2.9,0.9982,3.39,9.5,7
"1688",0.24,2.1,0.9958,3.44,10.8,6
"1689",0.13,2.2,0.99459,3.29,9.5,5
"1690",0,3.4,0.9948,3.56,13.5666666666667,6
"1691",0.54,2,0.9988,3.34,10.4,6
"1692",0.24,2.4,0.9979,3.07,9.3,5
"1693",0.08,1.7,0.99593,3.41,10.5,6
"1694",0.31,5.6,0.9962,3.44,12,7
"1695",0.21,3.4,0.99499,3.47,9.7,7
"1696",0.38,2.2,0.99354,3.3,12,7
"1697",0.49,1.8,0.9994,3.22,9.2,6
"1698",0.32,2.3,0.99667,3.28,11.3,6
"1699",0.4,2.1,0.99514,3.29,12.1,7
"1700",0.03,2.3,0.99744,3.52,9.7,5
"1701",0.49,2.6,0.9976,3.22,10.1,5
"1702",0.5,2.2,0.99384,3.32,12.5,7
"1703",0.37,2.3,0.99386,3.57,11.2,6
"1704",0.17,1.6,0.9969,3.2,9.2,5
"1705",0.12,1.6,0.9976,3.29,9.7,6
"1706",0.1,3,0.99842,3.44,9.9,4
"1707",0.05,2.3,0.99252,3.56,12.5,6
"1708",0,1.7,0.9948,3.5,10.9,4
"1709",0.19,1.8,0.9982,3.19,9.5,4
"1710",0.21,1.9,0.9964,3.17,9.5,5
"1711",0.27,1.9,0.9964,3.3,10,7
"1712",0,1.7,0.9958,3.45,10.8,7
"1713",0.1,2.4,0.9964,3.19,9.5,5
"1714",0.23,2.3,0.995,3.24,11.4,5
"1715",0.31,3,0.99836,3.38,10.5,7
"1716",0,2.2,0.99622,3.52,10.7,6
"1717",0.02,2.2,0.99566,3.36,10.5,6
"1718",0.33,2.3,0.9979,3.22,9.4,5
"1719",0.12,2.1,0.99508,3.5,10.3,4
"1720",0.49,1.7,0.9973,3.35,10.8,5
"1721",0.02,2.1,0.9958,3.36,10.1,5
"1722",0.36,1.4,0.99596,3.45,9.2,5
"1723",0.34,2,0.99818,3.6,9.5,5
"1724",0.27,2.7,0.99498,3.22,12.2,7
"1725",0.01,2.2,0.99736,3.53,9.7,5
"1726",0.34,2.8,0.99622,3.38,10.7,6
"1727",0.48,2,0.9968,3.29,11.4,7
"1728",0.1,1.9,0.99566,3.28,10,5
"1729",0.22,4.65,0.99668,3.36,9.7,5
"1730",0.58,2.2,0.9984,3.08,9,6
"1731",0.42,2.1,0.99494,3.26,10,7
"1732",0.49,2.1,0.9964,3.39,10.9,5
"1733",0.49,1.9,1.0004,3.08,10.5,6
"1734",0.43,1.8,0.9948,3.39,11.5,5
"1735",0.22,2.2,0.9967,3.3,9.1,4
"1736",0.31,2,0.9967,3.29,9.2,6
"1737",0.34,2.8,0.99713,3.34,12.5,7
"1738",0,1.8,0.99346,3.36,11.9,7
"1739",0.21,2.1,0.99745,3.68,9.5,7
"1740",0.49,2.9,0.9994,3.14,11.4,6
"1741",0,4.3,0.99484,3.27,11.7,6
"1742",0.09,2.1,0.99456,3.39,12.6,6
"1743",0.31,1.7,0.99476,3.16,10.0333333333333,6
"1744",0.51,2.3,0.9982,3.26,10.9,7
"1745",0.23,2.1,0.9964,3.22,9.5,5
"1746",0.08,2.1,0.9964,3.38,10.2,5
"1747",0.35,2.4,0.9934,2.92,12.4,6
"1748",0.53,2.6,0.9972,3.2,11.8,6
"1749",0,2.1,0.99738,3.52,9.5,5
"1750",0.43,2.2,0.9996,3.09,9.4,6
"1751",0.65,2.7,0.9976,3.08,10.2,6
"1752",0.03,1.4,0.9958,3.52,9.5,5
"1753",0,1.6,0.99258,3.68,12.3,6
"1754",0.02,2.3,0.99489,3.34,10.5,6
"1755",0.42,2.1,0.99498,3.18,12.1,6
"1756",0.02,2.3,0.99588,3.2,9.4,5
"1757",0.09,2.5,0.99648,3.41,11.9,7
"1758",0.34,2.2,0.9974,3.17,10.4,6
"1759",0.51,2.4,0.9982,3.09,9.2,6
"1760",0.24,1.6,0.99557,3.34,10,7
"1761",0.02,2.3,0.9994,3.47,9.8,5
"1762",0.06,1.5,0.9948,3.39,10.6,6
"1763",0.28,1.9,0.99694,3.28,9.5,6
"1764",0.13,2.1,0.99494,3.29,9.5,5
"1765",0.53,2.8,0.99774,3.22,11.2,7
"1766",0.23,4.1,0.99489,3.32,11.7,5
"1767",0.31,2.2,0.99716,3.17,11.4,6
"1768",0.27,2.1,0.99408,3.39,12.5,6
"1769",0.23,2.4,0.9964,3.15,9.4,5
"1770",0.09,1.4,0.99459,3.38,11.3,6
"1771",0,2.6,0.997,3.51,10,7
"1772",0.26,2.3,0.99613,3.26,9.9,5
"1773",0.25,2,0.99629,3.42,9.6,5
"1774",0,2.2,0.99396,3.68,9.5,7
"1775",0.22,2.3,0.99782,3.18,9.5,5
"1776",0.44,2.55,1.0002,3.18,10.0333333333333,6
"1777",0.1,1.7,0.99628,3.3,10.9,6
"1778",0.49,2.4,0.9994,3.23,9.6,5
"1779",0.39,2.1,0.99476,3.3,9.4,5
"1780",0.43,2.9,0.9996,3.24,9.7,6
"1781",0.45,3.4,0.9994,3.22,10.5,5
"1782",0.14,2.1,0.9959,3.42,10.1,5
"1783",0.11,1.6,0.99258,3.22,12.6,6
"1784",0,2.1,0.9966,3.48,9.2,5
"1785",0,1.4,0.9948,3.3,10.4,6
"1786",0.31,1.7,0.99532,3.39,10,6
"1787",0.28,2.1,0.99578,3.34,10.9,6
"1788",0.45,2.6,0.9985,3.37,9.4,6
"1789",0.52,2.1,0.99734,3.38,12,7
"1790",0.49,2.3,1.0002,3.19,9.6,5
"1791",0.57,2.1,0.9994,3.35,11.2,6
"1792",0.37,2.3,0.9946,3.37,12,6
"1793",0.54,2.5,0.99712,3.26,10.5,5
"1794",0.04,2.2,0.9959,3.69,9.8,5
"1795",0.76,2.8,1.0004,3.12,10.8,5
"1796",0.24,1.6,0.9956,3.33,10.3,6
"1797",0.49,2.55,0.9994,3.11,10.5,5
"1798",0.66,1.4,0.99498,3.08,11.2,6
"1799",0,1.6,0.9968,3.44,9.4,5
"1800",0.25,2.4,0.99622,3.38,11.3,6
"1801",0,2.4,0.998,3.58,10.3,6
"1802",0.03,2.6,0.99575,3.44,10.1,6
"1803",0.53,2.4,0.9981,3.17,12,7
"1804",0.01,2.8,0.99538,3.34,12.7,7
"1805",0.51,1.6,0.99558,3.3,9.8,6
"1806",0.19,1.5,0.99396,3.45,11.3,6
"1807",0.26,2,0.9982,3.26,9.3,6
"1808",0.01,2.6,0.99528,3.41,12.4,7
"1809",0.03,1.7,0.99538,3.59,10.2,5
"1810",0.04,1.8,0.9942,3.42,12.9,6
"1811",0.42,1.4,0.99396,3.16,11.4,5
"1812",0.28,2.1,0.9966,3.39,9.4,5
"1813",0.28,2.1,0.99616,3.43,9.8,6
"1814",0.3,2.3,0.99786,3.42,9.5,5
"1815",0.05,2.1,0.99498,3.36,12.9,6
"1816",0.08,2.8,0.9996,3.12,10.5,6
"1817",0.27,2.5,0.99708,3.19,9.3,5
"1818",0.21,2.1,0.9968,3.21,9.5,5
"1819",0.08,2.1,0.99655,3.34,10.7,6
"1820",0.28,2.1,0.99823,3.32,9.5,5
"1821",0.1,1.6,0.99675,3.29,9.9,5
"1822",0.24,2.1,0.99478,3.49,11.4,6
"1823",0.18,1.9,0.9962,3.38,10.6,6
"1824",0.11,1.8,0.9947,3.49,11.4,6
"1825",0.27,2.6,0.998,3.2,9.4,5
"1826",0.24,2.1,0.9979,3.37,9.4,5
"1827",0.27,3.4,0.9962,3.26,12.1,7
"1828",0.2,2.5,0.9959,3.34,9.6,5
"1829",0.18,2.3,0.9971,3.38,10.5,6
"1830",0,2.1,0.9956,3.52,10.3,5
"1831",0.24,2.5,0.9991,3.14,9.4,5
"1832",0.07,2.6,0.9964,3.33,9.8,6
"1833",0.21,2.1,0.99836,3.38,9.7,5
"1834",0.21,2.2,0.9991,3.48,9.4,5
"1835",0.63,1.9,0.99547,3.17,10.5,7
"1836",0.53,2.3,0.99642,3.16,11,7
"1837",0.02,2.3,0.99745,3.51,11.4,6
"1838",0.42,1.8,0.99672,3.25,11.2,7
"1839",0.14,1.9,0.9974,3.19,9.3,5
"1840",0.24,2.8,0.9986,3.26,9.4,5
"1841",0.32,2,0.99694,3.37,9.2,6
"1842",0.48,2.5,0.9982,3.09,10.5,5
"1843",0.53,2.6,0.99534,3.23,11.5,6
"1844",0.26,2.3,0.99623,3.39,9.7,5
"1845",0.45,2.2,0.99444,3.22,12,6
"1846",0,2.6,0.9962,3.56,9.4,4
"1847",0.03,2.3,0.99743,3.52,10.7,7
"1848",0.39,1.4,0.99498,3.34,11.2,5
"1849",0.03,2.5,0.99538,3.36,10.2,6
"1850",0.06,2,0.9965,3.37,10.9,6
"1851",0.09,2,0.99385,3.39,12.6,6
"1852",0,2.1,0.99448,3.61,10.3,6
"1853",0.3,1.8,0.9973,3.28,9.1,6
"1854",0.57,2.3,0.9974,3.1,9.5,6
"1855",0.2,2.1,0.99745,3.55,10,7
"1856",0.26,3,0.99622,3.21,9.7,5
"1857",0.49,2.7,1.0004,3.25,9.5,5
"1858",0.24,2.6,0.9976,3.17,9.2,5
"1859",0.49,2.8,0.9994,3.22,9.2,5
"1860",0.34,4.8,0.99586,3.28,12.8,7
"1861",0.21,2.1,0.99656,3.3,9.5,5
"1862",0.25,1.8,0.9976,3.34,10,5
"1863",0,1.9,0.9948,3.36,9.5,5
"1864",0.08,2,0.99489,3.45,10.3,5
"1865",0,2.1,0.99471,3.47,12.5,6
"1866",0.01,2.3,0.99467,3.42,10.4,5
"1867",0.3,2.1,0.9968,3.35,10.5,5
"1868",0.2,1.8,0.9966,3.27,9.5,6
"1869",0.2,1.9,0.9968,3.52,10.9,7
"1870",0.05,2,0.9966,3.52,9.8,5
"1871",0.17,2,0.99652,3.12,10.1,6
"1872",0.33,2.1,0.99745,3.4,9.5,6
"1873",0.18,1.5,0.99652,3.16,9.3,5
"1874",0.11,2,0.99603,3.54,11.5,5
"1875",0.09,2.2,0.99444,3.32,11.2,6
"1876",0.32,2.2,0.99546,3.36,11,7
"1877",0.64,2.5,0.9988,3.08,9.4,5
"1878",0.03,1.9,0.99538,3.54,10.6,6
"1879",0.23,2.8,0.9962,3.43,9.2,5
"1880",0.63,2.5,0.9987,3.02,10.4,6
"1881",0.5,2.1,0.99494,3.39,11,6
"1882",0.4,2.1,0.9964,3.38,10.3,7
"1883",0.66,2.9,0.9994,3.09,11.8,6
"1884",0.45,2,0.99576,3.28,11.4,6
"1885",0.56,2.6,0.9994,3.14,10.7,6
"1886",0.49,2.8,0.9968,3.26,14,7
"1887",0.32,1.8,0.99456,3.3,12.9,7
"1888",0,2.1,0.99622,3.54,11,7
"1889",0.04,1.5,0.9973,3.47,9.4,5
"1890",0.24,2.8,0.9991,3.39,9.4,5
"1891",0,2.7,0.99536,3.38,11.4,5
"1892",0,2.1,0.9968,3.51,9.4,4
"1893",0.07,1.9,0.99632,3.38,11.6,5
"1894",0.12,1.7,0.9952,3.52,9.7,7
"1895",0.13,3,0.99603,3.34,9.5,5
"1896",0.49,2.4,1.00012,3.07,9.7,6
"1897",0.05,3,0.9976,3.35,10.9,6
"1898",0.46,1.8,0.9952,3.25,13.6,8
"1899",0.3,1.4,0.99724,3.3,10.3,7
"1900",0.02,1.7,0.996,3.54,10,8
"1901",0.15,1.7,0.99655,3.28,10.8,6
"1902",0.66,2.1,0.9976,3.14,9.2,5
"1903",0.46,2.1,0.99534,3.38,12.3,6
"1904",0.25,2.3,0.99616,3.28,9.8,5
"1905",0.21,2.3,0.9976,3.29,9.2,6
"1906",0.22,3.6,0.9977,3.14,9.4,6
"1907",0.51,1.7,0.99743,3.02,9.8,7
"1908",0.06,3.1,0.9968,3.09,10.7,5
"1909",0.49,2.1,1.0003,3.08,9.8,5
"1910",0.21,2.3,0.9978,3.14,9.7,6
"1911",0.66,1.6,0.9972,3.05,9.4,6
"1912",0.57,1.7,0.99788,3.28,9.5,6
"1913",0.1,1.8,0.9968,3.36,10.1,5
"1914",0.18,5.5,0.99855,3.38,9.6,5
"1915",0.15,2.4,0.99808,3.39,10.5,6
"1916",0.3,1.9,0.9967,3.26,9.2,5
"1917",0,1.9,0.9979,3.26,9,6
"1918",0,1.7,0.9969,3.36,9.7,5
"1919",0.57,2.6,0.9995,3.14,9.6,6
"1920",0.31,2.2,0.9974,3.17,9.2,4
"1921",0.21,2.7,0.99748,3.2,9.8,5
"1922",0.42,2.5,0.99518,3.33,11,6
"1923",0.68,2.6,0.9982,3.02,10.7,7
"1924",0.09,3,0.99499,3.37,11.1,6
"1925",0.24,2.9,0.9976,3.11,9.5,5
"1926",0.49,2.8,1.0004,3.2,9.5,5
"1927",0.39,2.7,0.99534,3.31,12.5,7
"1928",0.2,2.4,0.99489,3.5,11.6,5
"1929",0.49,2.9,0.9992,3.08,9.5,5
"1930",0,4.2,0.9984,3.51,9.3,5
"1931",0.33,3,0.99888,3.24,10,7
"1932",0,2.4,0.9969,3.45,9.7,5
"1933",0.4,2.4,0.9973,3.31,12.8,7
"1934",0.02,1.6,0.9968,3.5,9.5,5
"1935",0.2,1.9,0.99672,3.61,10,6
"1936",0.21,2.4,0.9972,3.32,10.3,6
"1937",0.26,2.1,0.99622,3.26,9.8,5
"1938",0.14,2.1,0.9997,3.49,9.4,6
"1939",0.19,2,0.99566,3.34,10,5
"1940",0.28,2.5,0.99814,3.3,12.1,7
"1941",0.07,1.5,0.99574,3.46,10.9,5
"1942",0.24,1.8,0.99604,3.32,9.5,5
"1943",0.32,3.8,0.99576,3.27,11.4,5
"1944",0.42,3.2,0.9987,3.5,12,6
"1945",0.18,1.8,0.9934,3.34,12.9,6
"1946",0.02,2.1,0.9958,3.65,10.3,5
"1947",0.02,2.7,0.99745,3.34,10.2,7
"1948",0.42,2.1,0.9986,3.21,10,7
"1949",0.33,3.8,0.9936,3.32,12.8,7
"1950",0.53,2,0.9983,3.19,10.1,6
"1951",0.21,2.5,0.99656,3.1,9.8,6
"1952",0.04,2.1,0.99854,3.56,9.6,5
"1953",0.49,3.2,1.0021,3.3,11.3,5
"1954",0.02,2.6,0.99765,3.36,10.9,7
"1955",0.21,1.8,0.9959,3.35,10.8,7
"1956",0.01,2.6,0.99562,3.1,10.3,6
"1957",0.49,1.9,0.9976,3.31,9.2,5
"1958",0.49,1.8,0.9992,3.08,10.9,5
"1959",0.4,2.1,0.99334,3.36,12.5,6
"1960",0.24,2.1,0.9974,3.22,9.2,5
"1961",0.44,1.7,0.9958,3.3,10.7,6
"1962",0.08,2.4,0.99374,3.68,11,5
"1963",0.24,2.2,0.99761,3.18,11,7
"1964",0.25,2,0.9963,3.24,10.9,5
"1965",0.33,1.7,0.99732,3.33,9.5,5
"1966",0,1.6,0.9971,3.59,9.4,5
"1967",0.5,2.2,0.99787,3.04,9.7,6
"1968",0.24,2.5,0.9934,3.37,11.9,7
"1969",0.07,1.8,0.99498,3.39,9.7,6
"1970",0.31,2.6,0.9968,3.23,9.5,5
"1971",0.54,5.6,0.9957,3.22,11.4,5
"1972",0.21,2.1,0.9974,3.29,9.5,5
"1973",0.1,1.7,0.99546,3.29,10.3,6
"1974",0,2,0.99626,3.2,10.5,5
"1975",0.33,1.75,0.99628,3.2,10.4,6
"1976",0.49,2.2,0.9976,3.22,11.8,7
"1977",0.46,2.2,0.9982,3.21,9.9,6
"1978",0,1.9,0.9978,3.51,9.5,5
"1979",0.14,1.7,0.99514,3.36,10.4,5
"1980",0.49,2.4,0.9987,3.22,10.4,7
"1981",0.13,2.5,0.9962,3.19,9.4,6
"1982",0.24,2.6,0.9984,3.28,10,6
"1983",0,1.75,0.99258,3.61,9.4,5
"1984",0.49,2.6,1.0001,3.09,10.4,6
"1985",0.34,1.8,0.99694,3.48,9.7,7
"1986",0.26,2.9,0.99631,3.26,9.3,7
"1987",0.06,6.2,0.9955,3.39,10.2,7
"1988",0.04,1.6,0.9955,3.59,10.6,6
"1989",0.33,2.8,0.9972,3.22,9.5,6
"1990",0.43,1.7,0.9985,3.15,9.4,6
"1991",0.47,4.5,0.99519,3.29,11.7,7
"1992",0,1.9,0.99235,3.78,12.4,6
"1993",0.08,1.75,0.99352,3.48,11.8,6
"1994",0.05,2.8,0.9988,3.35,10.8,5
"1995",0.24,2.4,0.99444,3.34,11.5,6
"1996",0.21,2,0.9972,3.27,9.7,5
"1997",0.17,2.9,0.9994,3.15,9.7,5
"1998",0.4,2.2,0.99526,3.31,10.5,6
"1999",0.15,2.8,0.9973,3.44,9.5,5
"2000",0.02,1.9,0.99564,3.36,10.6,5
"2001",0.45,4.6,0.99652,3.1,11.7,6
"2002",0.42,2.7,0.9968,3.1,9.5,6
"2003",0,1.7,0.9958,3.4,10.8,6
"2004",0.01,1.5,0.99362,3.48,11.3,5
"2005",0.08,2.7,0.9972,3.47,9.6,5
"2006",0.08,2.5,0.99685,3.35,10,6
"2007",0.24,2.5,0.99552,3.43,10,7
"2008",0.24,2.1,0.9966,3.15,9.6,5
"2009",0.49,2.4,0.9978,3.31,9,5
"2010",0.31,2.2,0.99364,3.31,12.3,7
"2011",0.49,2.2,1.00315,3.24,10,6
"2012",0.24,2.6,0.9988,3.24,9.2,6
"2013",0.24,2.8,0.99613,3.31,9.1,5
"2014",0.55,5.5,0.9996,3.3,9.6,6
"2015",0.57,2.1,0.99605,3.43,11.2,6
"2016",0.22,1.6,0.99828,3.27,9.7,5
"2017",0.14,2.3,0.9987,3.29,9.8,6
"2018",0.32,2.3,0.99408,3.38,11.2,6
"2019",0.2,3.4,0.9973,3.42,9.4,5
"2020",0.2,2.1,0.99647,3.57,10.5,6
"2021",0.48,2.3,0.99408,3.34,11,6
"2022",0.21,2.3,0.99534,3.38,11,6
"2023",0.14,1.8,0.99538,3.14,10.9,6
"2024",0.32,1.9,0.99748,3.31,10,5
"2025",0.27,2.7,0.9982,3.46,9.5,4
"2026",0.4,1.9,0.99668,3.48,9.4,6
"2027",0.16,2.7,0.9959,3.21,9.7,6
"2028",0.25,1.9,0.9962,3.38,9.5,5
"2029",0.24,2,0.9974,3.21,9.2,5
"2030",0.21,2.3,0.99489,3.36,10,6
"2031",0.3,3.2,0.998,3.31,9.4,5
"2032",0.48,3.1,1.0003,3.23,11.5,6
"2033",0,2.8,0.99672,3.46,11.8,7
"2034",0.38,2.2,0.99577,3.17,10,5
"2035",0.19,2.4,0.9947,3.59,11.2,6
"2036",0.49,2.6,0.9994,3.3,10.5,6
"2037",0.19,1.9,0.99344,3.56,10.3,5
"2038",0.43,2.4,0.9984,3.08,10,6
"2039",0.47,2.6,0.9985,3.07,10.1,7
"2040",0.6,2.6,0.9973,3.27,11.1,5
"2041",0,2.2,0.99636,3.38,9.95,6
"2042",0.28,2,0.99064,3.26,10.1,7
"2043",0.27,1.8,0.99586,3.16,9.5,5
"2044",0.42,4.3,0.99627,3.3,12.1,6
"2045",0.33,2.2,0.99768,3.47,9.3,6
"2046",0.29,2.6,0.9979,3.3,9.2,5
"2047",0.27,2,0.99852,3.47,9.4,5
"2048",0.49,4.2,1.0014,3.12,10.2,6
"2049",0.24,1.9,0.9956,3.2,10.1,7
"2050",0.49,2.3,0.9994,3.15,11.5,6
"2051",0.13,2,0.99388,3.52,12,7
"2052",0.21,1.8,0.99745,3.14,9.4,5
"2053",0.42,1.7,0.99258,3.32,12.5,8
"2054",0,1.75,0.9967,3.22,9.5,5
"2055",0.18,2.3,0.9952,3.56,11.4,7
